 SequenceID , Start , Stop , Strand , Length, SequenceID , Start , Stop , Strand , Length, SequenceID , Start , Stop , Strand , Length, SequenceID , Start , Stop , Strand , Length, SequenceID , Start , Stop , Strand , Length, SequenceID , Start , Stop , Strand , Length, SequenceID , Start , Stop , Strand , Length, SequenceID , Start , Stop , Strand , Length, SequenceID , Start , Stop , Strand , Length, SequenceID , Start , Stop , Strand , Length
 Plasmid_1 ,28,187, forward ,159, Plasmid_2 ,0,189, forward ,189, Plasmid_3 ,0,129, forward ,129, Plasmid_4 ,0,96, forward ,96, Plasmid_5 ,0,54, forward ,54, Plasmid_6 ,0,99, forward ,99, Plasmid_7 ,44,98, forward ,54, Plasmid_8 ,0,111, forward ,111, Plasmid_9 ,194,326, forward ,132, Plasmid_10 ,0,111, forward ,111
 Plasmid_1 ,125,176, forward ,51, Plasmid_2 ,38,80, forward ,42, Plasmid_3 ,3,129, forward ,126, Plasmid_4 ,189,312, forward ,123, Plasmid_5 ,159,312, forward ,153, Plasmid_6 ,31,91, forward ,60, Plasmid_7 ,56,98, forward ,42, Plasmid_8 ,7,58, forward ,51, Plasmid_9 ,227,326, forward ,99, Plasmid_10 ,22,106, forward ,84
 Plasmid_1 ,229,334, forward ,105, Plasmid_2 ,87,189, forward ,102, Plasmid_3 ,78,129, forward ,51, Plasmid_4 ,289,337, forward ,48, Plasmid_5 ,315,387, forward ,72, Plasmid_6 ,98,299, forward ,201, Plasmid_7 ,255,378, forward ,123, Plasmid_8 ,64,103, forward ,39, Plasmid_9 ,421,628, forward ,207, Plasmid_10 ,112,178, forward ,66
 Plasmid_1 ,283,334, forward ,51, Plasmid_2 ,95,146, forward ,51, Plasmid_3 ,97,133, forward ,36, Plasmid_4 ,383,422, forward ,39, Plasmid_5 ,400,541, forward ,141, Plasmid_6 ,138,213, forward ,75, Plasmid_7 ,276,378, forward ,102, Plasmid_8 ,110,323, forward ,213, Plasmid_9 ,445,628, forward ,183, Plasmid_10 ,159,297, forward ,138
 Plasmid_1 ,356,401, forward ,45, Plasmid_2 ,166,262, forward ,96, Plasmid_3 ,302,569, forward ,267, Plasmid_4 ,436,511, forward ,75, Plasmid_5 ,442,541, forward ,99, Plasmid_6 ,174,213, forward ,39, Plasmid_7 ,380,494, forward ,114, Plasmid_8 ,147,183, forward ,36, Plasmid_9 ,476,524, forward ,48, Plasmid_10 ,261,297, forward ,36
 Plasmid_1 ,387,426, forward ,39, Plasmid_2 ,181,262, forward ,81, Plasmid_3 ,313,379, forward ,66, Plasmid_4 ,608,668, forward ,60, Plasmid_5 ,500,749, forward ,249, Plasmid_6 ,209,299, forward ,90, Plasmid_7 ,425,494, forward ,69, Plasmid_8 ,189,249, forward ,60, Plasmid_9 ,542,599, forward ,57, Plasmid_10 ,337,373, forward ,36
 Plasmid_1 ,453,600, forward ,147, Plasmid_2 ,310,361, forward ,51, Plasmid_3 ,432,501, forward ,69, Plasmid_4 ,623,668, forward ,45, Plasmid_5 ,668,749, forward ,81, Plasmid_6 ,437,485, forward ,48, Plasmid_7 ,779,842, forward ,63, Plasmid_8 ,303,432, forward ,129, Plasmid_9 ,617,722, forward ,105, Plasmid_10 ,381,468, forward ,87
 Plasmid_1 ,459,600, forward ,141, Plasmid_2 ,325,361, forward ,36, Plasmid_3 ,459,501, forward ,42, Plasmid_4 ,873,915, forward ,42, Plasmid_5 ,774,822, forward ,48, Plasmid_6 ,518,638, forward ,120, Plasmid_7 ,960,1041, forward ,81, Plasmid_8 ,327,432, forward ,105, Plasmid_9 ,624,675, forward ,51, Plasmid_10 ,652,784, forward ,132
 Plasmid_1 ,539,641, forward ,102, Plasmid_2 ,398,569, forward ,171, Plasmid_3 ,569,656, forward ,87, Plasmid_4 ,927,981, forward ,54, Plasmid_5 ,977,1094, forward ,117, Plasmid_6 ,529,598, forward ,69, Plasmid_7 ,996,1041, forward ,45, Plasmid_8 ,366,432, forward ,66, Plasmid_9 ,640,685, forward ,45, Plasmid_10 ,748,784, forward ,36
 Plasmid_1 ,637,718, forward ,81, Plasmid_2 ,434,569, forward ,135, Plasmid_3 ,721,925, forward ,204, Plasmid_4 ,981,1026, forward ,45, Plasmid_5 ,1103,1166, forward ,63, Plasmid_6 ,594,804, forward ,210, Plasmid_7 ,1199,1331, forward ,132, Plasmid_8 ,385,442, forward ,57, Plasmid_9 ,735,1044, forward ,309, Plasmid_10 ,846,1041, forward ,195
 Plasmid_1 ,895,988, forward ,93, Plasmid_2 ,555,612, forward ,57, Plasmid_3 ,887,929, forward ,42, Plasmid_4 ,1086,1137, forward ,51, Plasmid_5 ,1130,1166, forward ,36, Plasmid_6 ,597,804, forward ,207, Plasmid_7 ,1203,1239, forward ,36, Plasmid_8 ,673,739, forward ,66, Plasmid_9 ,855,1044, forward ,189, Plasmid_10 ,1183,1219, forward ,36
 Plasmid_1 ,1204,1306, forward ,102, Plasmid_2 ,565,628, forward ,63, Plasmid_3 ,915,984, forward ,69, Plasmid_4 ,1181,1376, forward ,195, Plasmid_5 ,1238,1280, forward ,42, Plasmid_6 ,612,804, forward ,192, Plasmid_7 ,1357,1519, forward ,162, Plasmid_8 ,850,901, forward ,51, Plasmid_9 ,940,1015, forward ,75, Plasmid_10 ,1205,1265, forward ,60
 Plasmid_1 ,1220,1301, forward ,81, Plasmid_2 ,714,783, forward ,69, Plasmid_3 ,1003,1051, forward ,48, Plasmid_4 ,1217,1376, forward ,159, Plasmid_5 ,1264,1318, forward ,54, Plasmid_6 ,645,804, forward ,159, Plasmid_7 ,1423,1519, forward ,96, Plasmid_8 ,859,901, forward ,42, Plasmid_9 ,961,1015, forward ,54, Plasmid_10 ,1529,1604, forward ,75
 Plasmid_1 ,1302,1338, forward ,36, Plasmid_2 ,770,842, forward ,72, Plasmid_3 ,1013,1121, forward ,108, Plasmid_4 ,1301,1376, forward ,75, Plasmid_5 ,1415,1457, forward ,42, Plasmid_6 ,704,791, forward ,87, Plasmid_7 ,1450,1519, forward ,69, Plasmid_8 ,905,941, forward ,36, Plasmid_9 ,1126,1168, forward ,42, Plasmid_10 ,1543,1711, forward ,168
 Plasmid_1 ,1396,1651, forward ,255, Plasmid_2 ,872,929, forward ,57, Plasmid_3 ,1093,1267, forward ,174, Plasmid_4 ,1518,1653, forward ,135, Plasmid_5 ,1557,1659, forward ,102, Plasmid_6 ,717,804, forward ,87, Plasmid_7 ,1469,1559, forward ,90, Plasmid_8 ,977,1439, forward ,462, Plasmid_9 ,1148,1226, forward ,78, Plasmid_10 ,1775,1823, forward ,48
 Plasmid_1 ,1399,1651, forward ,252, Plasmid_2 ,881,929, forward ,48, Plasmid_3 ,1137,1203, forward ,66, Plasmid_4 ,1732,1780, forward ,48, Plasmid_5 ,1615,1705, forward ,90, Plasmid_6 ,907,967, forward ,60, Plasmid_7 ,1555,1675, forward ,120, Plasmid_8 ,1094,1439, forward ,345, Plasmid_9 ,1479,1752, forward ,273, Plasmid_10 ,1822,1861, forward ,39
 Plasmid_1 ,1502,1796, forward ,294, Plasmid_2 ,909,960, forward ,51, Plasmid_3 ,1171,1267, forward ,96, Plasmid_4 ,1772,1808, forward ,36, Plasmid_5 ,1633,1705, forward ,72, Plasmid_6 ,1045,1132, forward ,87, Plasmid_7 ,1594,1675, forward ,81, Plasmid_8 ,1103,1439, forward ,336, Plasmid_9 ,1561,2038, forward ,477, Plasmid_10 ,1943,1979, forward ,36
 Plasmid_1 ,1526,1796, forward ,270, Plasmid_2 ,996,1098, forward ,102, Plasmid_3 ,1174,1267, forward ,93, Plasmid_4 ,1870,1960, forward ,90, Plasmid_5 ,1748,1844, forward ,96, Plasmid_6 ,1307,1373, forward ,66, Plasmid_7 ,1613,1739, forward ,126, Plasmid_8 ,1270,1345, forward ,75, Plasmid_9 ,1570,2038, forward ,468, Plasmid_10 ,2027,2111, forward ,84
 Plasmid_1 ,1825,1894, forward ,69, Plasmid_2 ,1108,1252, forward ,144, Plasmid_3 ,1207,1267, forward ,60, Plasmid_4 ,1919,1991, forward ,72, Plasmid_5 ,1757,1844, forward ,87, Plasmid_6 ,1430,1490, forward ,60, Plasmid_7 ,1639,1675, forward ,36, Plasmid_8 ,1301,1439, forward ,138, Plasmid_9 ,1618,2038, forward ,420, Plasmid_10 ,2143,2299, forward ,156
 Plasmid_1 ,2122,2287, forward ,165, Plasmid_2 ,1165,1252, forward ,87, Plasmid_3 ,1250,1289, forward ,39, Plasmid_4 ,2009,2075, forward ,66, Plasmid_5 ,1760,1844, forward ,84, Plasmid_6 ,1459,1495, forward ,36, Plasmid_7 ,1698,1743, forward ,45, Plasmid_8 ,1485,1713, forward ,228, Plasmid_9 ,1660,2038, forward ,378, Plasmid_10 ,2365,2509, forward ,144
 Plasmid_1 ,2365,2401, forward ,36, Plasmid_2 ,1203,1239, forward ,36, Plasmid_3 ,1403,1565, forward ,162, Plasmid_4 ,2016,2079, forward ,63, Plasmid_5 ,1818,1863, forward ,45, Plasmid_6 ,1681,1783, forward ,102, Plasmid_7 ,1749,1836, forward ,87, Plasmid_8 ,1767,1911, forward ,144, Plasmid_9 ,1663,2038, forward ,375, Plasmid_10 ,2396,2447, forward ,51
 Plasmid_1 ,2382,2418, forward ,36, Plasmid_2 ,1253,1349, forward ,96, Plasmid_3 ,1434,1479, forward ,45, Plasmid_4 ,2235,2418, forward ,183, Plasmid_5 ,1862,1973, forward ,111, Plasmid_6 ,1688,1730, forward ,42, Plasmid_7 ,1820,1925, forward ,105, Plasmid_8 ,1821,1911, forward ,90, Plasmid_9 ,1701,1752, forward ,51, Plasmid_10 ,2458,2509, forward ,51
 Plasmid_1 ,2436,2475, forward ,39, Plasmid_2 ,1292,1349, forward ,57, Plasmid_3 ,1440,1479, forward ,39, Plasmid_4 ,2456,2492, forward ,36, Plasmid_5 ,1865,1973, forward ,108, Plasmid_6 ,1751,1901, forward ,150, Plasmid_7 ,1938,2001, forward ,63, Plasmid_8 ,1892,2030, forward ,138, Plasmid_9 ,1714,2038, forward ,324, Plasmid_10 ,2648,2750, forward ,102
 Plasmid_1 ,2564,2699, forward ,135, Plasmid_2 ,1378,1513, forward ,135, Plasmid_3 ,1475,1565, forward ,90, Plasmid_4 ,2503,2545, forward ,42, Plasmid_5 ,2034,2220, forward ,186, Plasmid_6 ,1772,1901, forward ,129, Plasmid_7 ,1948,2041, forward ,93, Plasmid_8 ,1979,2030, forward ,51, Plasmid_9 ,1755,1797, forward ,42, Plasmid_10 ,2987,3086, forward ,99
 Plasmid_1 ,2582,2699, forward ,117, Plasmid_2 ,1405,1513, forward ,108, Plasmid_3 ,1621,1843, forward ,222, Plasmid_4 ,2573,2717, forward ,144, Plasmid_5 ,2304,2394, forward ,90, Plasmid_6 ,1803,1890, forward ,87, Plasmid_7 ,2169,2241, forward ,72, Plasmid_8 ,2101,2161, forward ,60, Plasmid_9 ,1857,1962, forward ,105, Plasmid_10 ,3283,3454, forward ,171
 Plasmid_1 ,2662,2746, forward ,84, Plasmid_2 ,1419,1464, forward ,45, Plasmid_3 ,1633,1843, forward ,210, Plasmid_4 ,2661,2727, forward ,66, Plasmid_5 ,2430,2487, forward ,57, Plasmid_6 ,1814,1901, forward ,87, Plasmid_7 ,2172,2241, forward ,69, Plasmid_8 ,2110,2161, forward ,51, Plasmid_9 ,1887,1962, forward ,75, Plasmid_10 ,3379,3454, forward ,75
 Plasmid_1 ,2735,2780, forward ,45, Plasmid_2 ,1503,1671, forward ,168, Plasmid_3 ,1720,1843, forward ,123, Plasmid_4 ,2743,2860, forward ,117, Plasmid_5 ,2785,2917, forward ,132, Plasmid_6 ,1830,1890, forward ,60, Plasmid_7 ,2237,2438, forward ,201, Plasmid_8 ,2260,2392, forward ,132, Plasmid_9 ,1897,2038, forward ,141, Plasmid_10 ,3471,3591, forward ,120
 Plasmid_1 ,2866,2902, forward ,36, Plasmid_2 ,1521,1671, forward ,150, Plasmid_3 ,1798,1843, forward ,45, Plasmid_4 ,2808,2847, forward ,39, Plasmid_5 ,2876,3017, forward ,141, Plasmid_6 ,1940,2009, forward ,69, Plasmid_7 ,2333,2438, forward ,105, Plasmid_8 ,2432,2543, forward ,111, Plasmid_9 ,2030,2087, forward ,57, Plasmid_10 ,3587,3623, forward ,36
 Plasmid_1 ,2925,3024, forward ,99, Plasmid_2 ,1621,1732, forward ,111, Plasmid_3 ,1826,1865, forward ,39, Plasmid_4 ,2816,2939, forward ,123, Plasmid_5 ,2888,3017, forward ,129, Plasmid_6 ,1977,2028, forward ,51, Plasmid_7 ,2376,2460, forward ,84, Plasmid_8 ,2483,2543, forward ,60, Plasmid_9 ,2074,2206, forward ,132, Plasmid_10 ,3771,3810, forward ,39
 Plasmid_1 ,2944,3001, forward ,57, Plasmid_2 ,1770,1842, forward ,72, Plasmid_3 ,2039,2093, forward ,54, Plasmid_4 ,2883,3033, forward ,150, Plasmid_5 ,2951,3017, forward ,66, Plasmid_6 ,2108,2144, forward ,36, Plasmid_7 ,2477,2528, forward ,51, Plasmid_8 ,2489,2543, forward ,54, Plasmid_9 ,2223,2277, forward ,54, Plasmid_10 ,3986,4028, forward ,42
 Plasmid_1 ,3207,3345, forward ,138, Plasmid_2 ,1783,1885, forward ,102, Plasmid_3 ,2042,2093, forward ,51, Plasmid_4 ,2939,3002, forward ,63, Plasmid_5 ,2960,3017, forward ,57, Plasmid_6 ,2296,2524, forward ,228, Plasmid_7 ,2534,2609, forward ,75, Plasmid_8 ,2550,2586, forward ,36, Plasmid_9 ,2307,2379, forward ,72, Plasmid_10 ,4083,4158, forward ,75
 Plasmid_1 ,3222,3345, forward ,123, Plasmid_2 ,1805,1850, forward ,45, Plasmid_3 ,2103,2142, forward ,39, Plasmid_4 ,3022,3121, forward ,99, Plasmid_5 ,3063,3291, forward ,228, Plasmid_6 ,2422,2524, forward ,102, Plasmid_7 ,2584,2623, forward ,39, Plasmid_8 ,2800,2968, forward ,168, Plasmid_9 ,2310,2379, forward ,69, Plasmid_10 ,4166,4229, forward ,63
 Plasmid_1 ,3244,3496, forward ,252, Plasmid_2 ,1894,2026, forward ,132, Plasmid_3 ,2159,2204, forward ,45, Plasmid_4 ,3025,3121, forward ,96, Plasmid_5 ,3195,3291, forward ,96, Plasmid_6 ,2534,2639, forward ,105, Plasmid_7 ,2612,2711, forward ,99, Plasmid_8 ,2865,2916, forward ,51, Plasmid_9 ,2385,2475, forward ,90, Plasmid_10 ,4176,4245, forward ,69
 Plasmid_1 ,3289,3496, forward ,207, Plasmid_2 ,2285,2321, forward ,36, Plasmid_3 ,2178,2397, forward ,219, Plasmid_4 ,3054,3102, forward ,48, Plasmid_5 ,3434,3536, forward ,102, Plasmid_6 ,2546,2639, forward ,93, Plasmid_7 ,2741,2795, forward ,54, Plasmid_8 ,2893,2968, forward ,75, Plasmid_9 ,2638,2896, forward ,258, Plasmid_10 ,4320,4374, forward ,54
 Plasmid_1 ,3362,3428, forward ,66, Plasmid_2 ,2381,2417, forward ,36, Plasmid_3 ,2368,2530, forward ,162, Plasmid_4 ,3149,3185, forward ,36, Plasmid_5 ,3443,3536, forward ,93, Plasmid_6 ,2701,2854, forward ,153, Plasmid_7 ,2975,3014, forward ,39, Plasmid_8 ,2923,2968, forward ,45, Plasmid_9 ,2701,2896, forward ,195, Plasmid_10 ,4615,4657, forward ,42
 Plasmid_1 ,3373,3496, forward ,123, Plasmid_2 ,2638,2689, forward ,51, Plasmid_3 ,2639,2681, forward ,42, Plasmid_4 ,3235,3307, forward ,72, Plasmid_5 ,3576,3696, forward ,120, Plasmid_6 ,2806,2854, forward ,48, Plasmid_7 ,2989,3058, forward ,69, Plasmid_8 ,3033,3078, forward ,45, Plasmid_9 ,2731,2896, forward ,165, Plasmid_10 ,4814,5030, forward ,216
 Plasmid_1 ,3427,3496, forward ,69, Plasmid_2 ,2847,2922, forward ,75, Plasmid_3 ,2964,3003, forward ,39, Plasmid_4 ,3490,3544, forward ,54, Plasmid_5 ,3725,3902, forward ,177, Plasmid_6 ,2817,2862, forward ,45, Plasmid_7 ,3076,3172, forward ,96, Plasmid_8 ,3155,3203, forward ,48, Plasmid_9 ,2903,2951, forward ,48, Plasmid_10 ,4853,5030, forward ,177
 Plasmid_1 ,3492,3567, forward ,75, Plasmid_2 ,3039,3108, forward ,69, Plasmid_3 ,3245,3698, forward ,453, Plasmid_4 ,3548,3599, forward ,51, Plasmid_5 ,3800,3902, forward ,102, Plasmid_6 ,2904,2940, forward ,36, Plasmid_7 ,3312,3471, forward ,159, Plasmid_8 ,3204,3321, forward ,117, Plasmid_9 ,2969,3008, forward ,39, Plasmid_10 ,5076,5259, forward ,183
 Plasmid_1 ,3670,3721, forward ,51, Plasmid_2 ,3060,3108, forward ,48, Plasmid_3 ,3311,3698, forward ,387, Plasmid_4 ,3649,3802, forward ,153, Plasmid_5 ,4002,4071, forward ,69, Plasmid_6 ,3131,3305, forward ,174, Plasmid_7 ,3330,3471, forward ,141, Plasmid_8 ,3329,3485, forward ,156, Plasmid_9 ,3040,3094, forward ,54, Plasmid_10 ,5097,5259, forward ,162
 Plasmid_1 ,3764,3833, forward ,69, Plasmid_2 ,3122,3173, forward ,51, Plasmid_3 ,3377,3698, forward ,321, Plasmid_4 ,3887,4061, forward ,174, Plasmid_5 ,4144,4237, forward ,93, Plasmid_6 ,3197,3305, forward ,108, Plasmid_7 ,3381,3471, forward ,90, Plasmid_8 ,3443,3485, forward ,42, Plasmid_9 ,3096,3147, forward ,51, Plasmid_10 ,5105,5147, forward ,42
 Plasmid_1 ,3768,3849, forward ,81, Plasmid_2 ,3169,3205, forward ,36, Plasmid_3 ,3449,3698, forward ,249, Plasmid_4 ,3929,4061, forward ,132, Plasmid_5 ,4156,4237, forward ,81, Plasmid_6 ,3374,3509, forward ,135, Plasmid_7 ,3451,3625, forward ,174, Plasmid_8 ,3516,3573, forward ,57, Plasmid_9 ,3210,3273, forward ,63, Plasmid_10 ,5118,5259, forward ,141
 Plasmid_1 ,3842,3983, forward ,141, Plasmid_2 ,3301,3376, forward ,75, Plasmid_3 ,3500,3698, forward ,198, Plasmid_4 ,4397,4454, forward ,57, Plasmid_5 ,4162,4237, forward ,75, Plasmid_6 ,3416,3509, forward ,93, Plasmid_7 ,4196,4244, forward ,48, Plasmid_8 ,3614,3686, forward ,72, Plasmid_9 ,3333,3471, forward ,138, Plasmid_10 ,5223,5259, forward ,36
 Plasmid_1 ,4050,4113, forward ,63, Plasmid_2 ,3345,3390, forward ,45, Plasmid_3 ,3573,3627, forward ,54, Plasmid_4 ,4544,4586, forward ,42, Plasmid_5 ,4312,4366, forward ,54, Plasmid_6 ,3449,3509, forward ,60, Plasmid_7 ,4332,4368, forward ,36, Plasmid_8 ,3705,3807, forward ,102, Plasmid_9 ,3391,3433, forward ,42, Plasmid_10 ,5387,5507, forward ,120
 Plasmid_1 ,4177,4252, forward ,75, Plasmid_2 ,3429,3501, forward ,72, Plasmid_3 ,3591,3627, forward ,36, Plasmid_4 ,4658,4745, forward ,87, Plasmid_5 ,4546,4600, forward ,54, Plasmid_6 ,3484,3526, forward ,42, Plasmid_7 ,4398,4440, forward ,42, Plasmid_8 ,3714,3807, forward ,93, Plasmid_9 ,3429,3471, forward ,42, Plasmid_10 ,5546,5588, forward ,42
 Plasmid_1 ,4186,4252, forward ,66, Plasmid_2 ,3475,3577, forward ,102, Plasmid_3 ,3652,3808, forward ,156, Plasmid_4 ,4672,4738, forward ,66, Plasmid_5 ,4654,4780, forward ,126, Plasmid_6 ,3596,3638, forward ,42, Plasmid_7 ,4543,4612, forward ,69, Plasmid_8 ,3726,3807, forward ,81, Plasmid_9 ,3491,3572, forward ,81, Plasmid_10 ,5684,5753, forward ,69
 Plasmid_1 ,4269,4416, forward ,147, Plasmid_2 ,3502,3577, forward ,75, Plasmid_3 ,3746,3782, forward ,36, Plasmid_4 ,4766,4814, forward ,48, Plasmid_5 ,4743,4848, forward ,105, Plasmid_6 ,3733,3805, forward ,72, Plasmid_7 ,4769,4973, forward ,204, Plasmid_8 ,3763,3820, forward ,57, Plasmid_9 ,3731,3845, forward ,114, Plasmid_10 ,5780,5834, forward ,54
 Plasmid_1 ,4480,4609, forward ,129, Plasmid_2 ,3643,4141, forward ,498, Plasmid_3 ,3997,4090, forward ,93, Plasmid_4 ,4810,4918, forward ,108, Plasmid_5 ,4973,5024, forward ,51, Plasmid_6 ,3791,3827, forward ,36, Plasmid_7 ,4873,4912, forward ,39, Plasmid_8 ,3778,3820, forward ,42, Plasmid_9 ,3806,3845, forward ,39, Plasmid_10 ,5840,5876, forward ,36
 Plasmid_1 ,4574,4709, forward ,135, Plasmid_2 ,3646,4141, forward ,495, Plasmid_3 ,4043,4106, forward ,63, Plasmid_4 ,4854,4899, forward ,45, Plasmid_5 ,5023,5215, forward ,192, Plasmid_6 ,3960,4110, forward ,150, Plasmid_7 ,5133,5181, forward ,48, Plasmid_8 ,4015,4108, forward ,93, Plasmid_9 ,3896,3941, forward ,45, Plasmid_10 ,5904,5970, forward ,66
 Plasmid_1 ,4716,4755, forward ,39, Plasmid_2 ,3661,4141, forward ,480, Plasmid_3 ,4181,4277, forward ,96, Plasmid_4 ,4861,4918, forward ,57, Plasmid_5 ,5035,5215, forward ,180, Plasmid_6 ,4361,4481, forward ,120, Plasmid_7 ,5198,5363, forward ,165, Plasmid_8 ,4197,4290, forward ,93, Plasmid_9 ,4021,4105, forward ,84, Plasmid_10 ,5935,5980, forward ,45
 Plasmid_1 ,4876,4936, forward ,60, Plasmid_2 ,3755,3881, forward ,126, Plasmid_3 ,4352,4595, forward ,243, Plasmid_4 ,5156,5270, forward ,114, Plasmid_5 ,5108,5225, forward ,117, Plasmid_6 ,4513,4627, forward ,114, Plasmid_7 ,5225,5363, forward ,138, Plasmid_8 ,4539,4674, forward ,135, Plasmid_9 ,4226,4349, forward ,123, Plasmid_10 ,5966,6014, forward ,48
 Plasmid_1 ,4902,4941, forward ,39, Plasmid_2 ,4010,4103, forward ,93, Plasmid_3 ,4366,4459, forward ,93, Plasmid_4 ,5192,5270, forward ,78, Plasmid_5 ,5249,5288, forward ,39, Plasmid_6 ,4522,4627, forward ,105, Plasmid_7 ,5253,5340, forward ,87, Plasmid_8 ,4701,4737, forward ,36, Plasmid_9 ,4239,4419, forward ,180, Plasmid_10 ,6004,6076, forward ,72
 Plasmid_1 ,4937,4973, forward ,36, Plasmid_2 ,4086,4131, forward ,45, Plasmid_3 ,4382,4595, forward ,213, Plasmid_4 ,5200,5245, forward ,45, Plasmid_5 ,5561,5687, forward ,126, Plasmid_6 ,4549,4627, forward ,78, Plasmid_7 ,5282,5363, forward ,81, Plasmid_8 ,4768,4819, forward ,51, Plasmid_9 ,4480,4531, forward ,51, Plasmid_10 ,6235,6295, forward ,60
 Plasmid_1 ,5283,5340, forward ,57, Plasmid_2 ,4160,4262, forward ,102, Plasmid_3 ,4594,4663, forward ,69, Plasmid_4 ,5333,5483, forward ,150, Plasmid_5 ,5616,5673, forward ,57, Plasmid_6 ,4579,4627, forward ,48, Plasmid_7 ,5289,5340, forward ,51, Plasmid_8 ,4872,4920, forward ,48, Plasmid_9 ,4490,4628, forward ,138, Plasmid_10 ,6326,6422, forward ,96
 Plasmid_1 ,5292,5340, forward ,48, Plasmid_2 ,4164,4221, forward ,57, Plasmid_3 ,4659,4782, forward ,123, Plasmid_4 ,5426,5483, forward ,57, Plasmid_5 ,5642,5687, forward ,45, Plasmid_6 ,4732,4789, forward ,57, Plasmid_7 ,5423,5462, forward ,39, Plasmid_8 ,4973,5012, forward ,39, Plasmid_9 ,4650,4707, forward ,57, Plasmid_10 ,6383,6422, forward ,39
 Plasmid_1 ,5599,5665, forward ,66, Plasmid_2 ,4205,4262, forward ,57, Plasmid_3 ,4687,4855, forward ,168, Plasmid_4 ,5552,5819, forward ,267, Plasmid_5 ,5724,5769, forward ,45, Plasmid_6 ,5005,5041, forward ,36, Plasmid_7 ,5528,5645, forward ,117, Plasmid_8 ,5086,5182, forward ,96, Plasmid_9 ,4684,4798, forward ,114, Plasmid_10 ,6432,6633, forward ,201
 Plasmid_1 ,5872,5923, forward ,51, Plasmid_2 ,4411,4453, forward ,42, Plasmid_3 ,4690,4855, forward ,165, Plasmid_4 ,5555,5819, forward ,264, Plasmid_5 ,5728,6091, forward ,363, Plasmid_6 ,5105,5405, forward ,300, Plasmid_7 ,5598,5685, forward ,87, Plasmid_8 ,5125,5182, forward ,57, Plasmid_9 ,4818,4881, forward ,63, Plasmid_10 ,6650,6755, forward ,105
 Plasmid_1 ,5878,5923, forward ,45, Plasmid_2 ,4583,4658, forward ,75, Plasmid_3 ,5072,5120, forward ,48, Plasmid_4 ,5585,5819, forward ,234, Plasmid_5 ,5905,6091, forward ,186, Plasmid_6 ,5131,5182, forward ,51, Plasmid_7 ,5637,5685, forward ,48, Plasmid_8 ,5178,5289, forward ,111, Plasmid_9 ,4898,4994, forward ,96, Plasmid_10 ,6765,6822, forward ,57
 Plasmid_1 ,6020,6056, forward ,36, Plasmid_2 ,4683,4755, forward ,72, Plasmid_3 ,5269,5398, forward ,129, Plasmid_4 ,5631,5721, forward ,90, Plasmid_5 ,6136,6247, forward ,111, Plasmid_6 ,5145,5235, forward ,90, Plasmid_7 ,5641,5746, forward ,105, Plasmid_8 ,5329,5398, forward ,69, Plasmid_9 ,4913,4994, forward ,81, Plasmid_10 ,6797,6848, forward ,51
 Plasmid_1 ,6024,6063, forward ,39, Plasmid_2 ,4799,4835, forward ,36, Plasmid_3 ,6106,6172, forward ,66, Plasmid_4 ,5655,5721, forward ,66, Plasmid_5 ,6268,6511, forward ,243, Plasmid_6 ,5264,5405, forward ,141, Plasmid_7 ,5750,5972, forward ,222, Plasmid_8 ,5627,5675, forward ,48, Plasmid_9 ,5146,5218, forward ,72, Plasmid_10 ,6832,6928, forward ,96
 Plasmid_1 ,6077,6173, forward ,96, Plasmid_2 ,4831,4996, forward ,165, Plasmid_3 ,6121,6172, forward ,51, Plasmid_4 ,5673,5721, forward ,48, Plasmid_5 ,6323,6371, forward ,48, Plasmid_6 ,5476,5623, forward ,147, Plasmid_7 ,5766,5844, forward ,78, Plasmid_8 ,5659,5773, forward ,114, Plasmid_9 ,5275,5416, forward ,141, Plasmid_10 ,6935,6989, forward ,54
 Plasmid_1 ,6169,6238, forward ,69, Plasmid_2 ,4909,4996, forward ,87, Plasmid_3 ,6150,6192, forward ,42, Plasmid_4 ,5679,5721, forward ,42, Plasmid_5 ,6441,6486, forward ,45, Plasmid_6 ,5644,5797, forward ,153, Plasmid_7 ,5772,5844, forward ,72, Plasmid_8 ,5678,5795, forward ,117, Plasmid_9 ,5298,5370, forward ,72, Plasmid_10 ,7282,7471, forward ,189
 Plasmid_1 ,6178,6238, forward ,60, Plasmid_2 ,5188,5269, forward ,81, Plasmid_3 ,6202,6238, forward ,36, Plasmid_4 ,5793,5859, forward ,66, Plasmid_5 ,6557,6602, forward ,45, Plasmid_6 ,5690,5765, forward ,75, Plasmid_7 ,5867,5972, forward ,105, Plasmid_8 ,5893,6106, forward ,213, Plasmid_9 ,5342,5576, forward ,234, Plasmid_10 ,7307,7385, forward ,78
 Plasmid_1 ,6265,6310, forward ,45, Plasmid_2 ,5259,5361, forward ,102, Plasmid_3 ,6297,6360, forward ,63, Plasmid_4 ,5827,5914, forward ,87, Plasmid_5 ,6650,6887, forward ,237, Plasmid_6 ,5711,5765, forward ,54, Plasmid_7 ,6092,6263, forward ,171, Plasmid_8 ,6048,6171, forward ,123, Plasmid_9 ,5348,5576, forward ,228, Plasmid_10 ,7470,7506, forward ,36
 Plasmid_1 ,6355,6550, forward ,195, Plasmid_2 ,5380,5416, forward ,36, Plasmid_3 ,6373,6457, forward ,84, Plasmid_4 ,5923,5959, forward ,36, Plasmid_5 ,6699,6762, forward ,63, Plasmid_6 ,5885,5975, forward ,90, Plasmid_7 ,6143,6263, forward ,120, Plasmid_8 ,6188,6272, forward ,84, Plasmid_9 ,5363,5576, forward ,213, Plasmid_10 ,7499,7538, forward ,39
 Plasmid_1 ,6524,6686, forward ,162, Plasmid_2 ,5516,5552, forward ,36, Plasmid_3 ,6456,6597, forward ,141, Plasmid_4 ,6332,6491, forward ,159, Plasmid_5 ,6733,6865, forward ,132, Plasmid_6 ,5907,5958, forward ,51, Plasmid_7 ,6182,6263, forward ,81, Plasmid_8 ,6228,6420, forward ,192, Plasmid_9 ,5429,5576, forward ,147, Plasmid_10 ,7537,7804, forward ,267
 Plasmid_1 ,6822,6867, forward ,45, Plasmid_2 ,5533,5614, forward ,81, Plasmid_3 ,6466,6553, forward ,87, Plasmid_4 ,6337,6382, forward ,45, Plasmid_5 ,6916,6961, forward ,45, Plasmid_6 ,6056,6095, forward ,39, Plasmid_7 ,6279,6333, forward ,54, Plasmid_8 ,6237,6420, forward ,183, Plasmid_9 ,5748,5817, forward ,69, Plasmid_10 ,7567,7804, forward ,237
 Plasmid_1 ,6866,6947, forward ,81, Plasmid_2 ,5817,5928, forward ,111, Plasmid_3 ,6575,6797, forward ,222, Plasmid_4 ,6602,6707, forward ,105, Plasmid_5 ,6920,6977, forward ,57, Plasmid_6 ,6143,6380, forward ,237, Plasmid_7 ,6406,6463, forward ,57, Plasmid_8 ,6243,6420, forward ,177, Plasmid_9 ,5838,5916, forward ,78, Plasmid_10 ,7605,7707, forward ,102
 Plasmid_1 ,6907,6991, forward ,84, Plasmid_2 ,5835,5928, forward ,93, Plasmid_3 ,6602,6797, forward ,195, Plasmid_4 ,6638,6707, forward ,69, Plasmid_5 ,7292,7394, forward ,102, Plasmid_6 ,6193,6256, forward ,63, Plasmid_7 ,6452,6515, forward ,63, Plasmid_8 ,6302,6365, forward ,63, Plasmid_9 ,5841,5916, forward ,75, Plasmid_10 ,7650,7707, forward ,57
 Plasmid_1 ,6968,7100, forward ,132, Plasmid_2 ,5999,6035, forward ,36, Plasmid_3 ,6892,6928, forward ,36, Plasmid_4 ,6722,6761, forward ,39, Plasmid_5 ,7342,7402, forward ,60, Plasmid_6 ,6264,6306, forward ,42, Plasmid_7 ,6459,6576, forward ,117, Plasmid_8 ,6534,6858, forward ,324, Plasmid_9 ,5880,5916, forward ,36, Plasmid_10 ,7669,7804, forward ,135
 Plasmid_1 ,6974,7100, forward ,126, Plasmid_2 ,6071,6254, forward ,183, Plasmid_3 ,6911,7106, forward ,195, Plasmid_4 ,6800,6848, forward ,48, Plasmid_5 ,7363,7402, forward ,39, Plasmid_6 ,6289,6427, forward ,138, Plasmid_7 ,6608,6650, forward ,42, Plasmid_8 ,6690,6858, forward ,168, Plasmid_9 ,6086,6158, forward ,72, Plasmid_10 ,7837,7885, forward ,48
 Plasmid_1 ,6983,7100, forward ,117, Plasmid_2 ,6117,6198, forward ,81, Plasmid_3 ,7044,7182, forward ,138, Plasmid_4 ,6823,6901, forward ,78, Plasmid_5 ,7523,7712, forward ,189, Plasmid_6 ,6444,6531, forward ,87, Plasmid_7 ,6703,7057, forward ,354, Plasmid_8 ,6895,7045, forward ,150, Plasmid_9 ,6186,6237, forward ,51, Plasmid_10 ,7932,8013, forward ,81
 Plasmid_1 ,7160,7211, forward ,51, Plasmid_2 ,6158,6254, forward ,96, Plasmid_3 ,7102,7261, forward ,159, Plasmid_4 ,6897,6963, forward ,66, Plasmid_5 ,7627,7681, forward ,54, Plasmid_6 ,6449,6626, forward ,177, Plasmid_7 ,6747,6801, forward ,54, Plasmid_8 ,7142,7193, forward ,51, Plasmid_9 ,6221,6308, forward ,87, Plasmid_10 ,8024,8135, forward ,111
 Plasmid_1 ,7378,7438, forward ,60, Plasmid_2 ,6324,6360, forward ,36, Plasmid_3 ,7185,7257, forward ,72, Plasmid_4 ,6919,7033, forward ,114, Plasmid_5 ,7759,7846, forward ,87, Plasmid_6 ,6453,6531, forward ,78, Plasmid_7 ,6868,7057, forward ,189, Plasmid_8 ,7159,7336, forward ,177, Plasmid_9 ,6250,6466, forward ,216, Plasmid_10 ,8064,8124, forward ,60
 Plasmid_1 ,7442,7595, forward ,153, Plasmid_2 ,6548,6650, forward ,102, Plasmid_3 ,7191,7257, forward ,66, Plasmid_4 ,6962,7046, forward ,84, Plasmid_5 ,7900,8029, forward ,129, Plasmid_6 ,6517,6688, forward ,171, Plasmid_7 ,6891,6954, forward ,63, Plasmid_8 ,7182,7218, forward ,36, Plasmid_9 ,6268,6466, forward ,198, Plasmid_10 ,8107,8176, forward ,69
 Plasmid_1 ,7608,7659, forward ,51, Plasmid_2 ,6584,6650, forward ,66, Plasmid_3 ,7257,7362, forward ,105, Plasmid_4 ,7117,7195, forward ,78, Plasmid_5 ,7957,8029, forward ,72, Plasmid_6 ,6535,6688, forward ,153, Plasmid_7 ,7014,7089, forward ,75, Plasmid_8 ,7341,7383, forward ,42, Plasmid_9 ,6300,6354, forward ,54, Plasmid_10 ,8213,8264, forward ,51
 Plasmid_1 ,8161,8209, forward ,48, Plasmid_2 ,6596,6650, forward ,54, Plasmid_3 ,7301,7340, forward ,39, Plasmid_4 ,7263,7389, forward ,126, Plasmid_5 ,8009,8288, forward ,279, Plasmid_6 ,7193,7316, forward ,123, Plasmid_7 ,7034,7079, forward ,45, Plasmid_8 ,7406,7457, forward ,51, Plasmid_9 ,6309,6354, forward ,45, Plasmid_10 ,8253,8559, forward ,306
 Plasmid_1 ,8192,8495, forward ,303, Plasmid_2 ,7047,7098, forward ,51, Plasmid_3 ,7336,7504, forward ,168, Plasmid_4 ,7319,7409, forward ,90, Plasmid_5 ,8140,8236, forward ,96, Plasmid_6 ,7226,7316, forward ,90, Plasmid_7 ,7196,7307, forward ,111, Plasmid_8 ,7523,7643, forward ,120, Plasmid_9 ,6394,6466, forward ,72, Plasmid_10 ,8769,8868, forward ,99
 Plasmid_1 ,8301,8523, forward ,222, Plasmid_2 ,7050,7098, forward ,48, Plasmid_3 ,7427,7646, forward ,219, Plasmid_4 ,7431,7476, forward ,45, Plasmid_5 ,8240,8288, forward ,48, Plasmid_6 ,7328,7373, forward ,45, Plasmid_7 ,7213,7252, forward ,39, Plasmid_8 ,7776,7812, forward ,36, Plasmid_9 ,6497,6587, forward ,90, Plasmid_10 ,8897,8948, forward ,51
 Plasmid_1 ,8383,8479, forward ,96, Plasmid_2 ,7187,7223, forward ,36, Plasmid_3 ,7503,7590, forward ,87, Plasmid_4 ,7739,7793, forward ,54, Plasmid_5 ,8410,8506, forward ,96, Plasmid_6 ,7417,7504, forward ,87, Plasmid_7 ,7407,7461, forward ,54, Plasmid_8 ,7858,7915, forward ,57, Plasmid_9 ,6574,6619, forward ,45, Plasmid_10 ,8957,9008, forward ,51
 Plasmid_1 ,8543,8639, forward ,96, Plasmid_2 ,7336,7372, forward ,36, Plasmid_3 ,7541,7646, forward ,105, Plasmid_4 ,8053,8152, forward ,99, Plasmid_5 ,8464,8506, forward ,42, Plasmid_6 ,7767,7893, forward ,126, Plasmid_7 ,7461,7497, forward ,36, Plasmid_8 ,7933,8002, forward ,69, Plasmid_9 ,6583,6619, forward ,36, Plasmid_10 ,9122,9326, forward ,204
 Plasmid_1 ,8551,8656, forward ,105, Plasmid_2 ,7421,7481, forward ,60, Plasmid_3 ,7552,7612, forward ,60, Plasmid_4 ,8309,8507, forward ,198, Plasmid_5 ,8555,8627, forward ,72, Plasmid_6 ,7813,7969, forward ,156, Plasmid_7 ,7618,7744, forward ,126, Plasmid_8 ,7977,8046, forward ,69, Plasmid_9 ,6650,6782, forward ,132, Plasmid_10 ,9175,9211, forward ,36
 Plasmid_1 ,8573,8639, forward ,66, Plasmid_2 ,7427,7481, forward ,54, Plasmid_3 ,7602,7749, forward ,147, Plasmid_4 ,8378,8507, forward ,129, Plasmid_5 ,8911,8995, forward ,84, Plasmid_6 ,7824,7893, forward ,69, Plasmid_7 ,7666,7744, forward ,78, Plasmid_8 ,8238,8682, forward ,444, Plasmid_9 ,6725,6782, forward ,57, Plasmid_10 ,9194,9326, forward ,132
 Plasmid_1 ,8719,8785, forward ,66, Plasmid_2 ,7635,7674, forward ,39, Plasmid_3 ,7611,7749, forward ,138, Plasmid_4 ,8439,8475, forward ,36, Plasmid_5 ,9051,9093, forward ,42, Plasmid_6 ,7930,7969, forward ,39, Plasmid_7 ,7877,7922, forward ,45, Plasmid_8 ,8398,8500, forward ,102, Plasmid_9 ,7084,7147, forward ,63, Plasmid_10 ,9276,9360, forward ,84
 Plasmid_1 ,8902,8938, forward ,36, Plasmid_2 ,7689,7866, forward ,177, Plasmid_3 ,7662,7749, forward ,87, Plasmid_4 ,8484,8577, forward ,93, Plasmid_5 ,9095,9149, forward ,54, Plasmid_6 ,8029,8137, forward ,108, Plasmid_7 ,7899,7935, forward ,36, Plasmid_8 ,8550,8682, forward ,132, Plasmid_9 ,7369,7450, forward ,81, Plasmid_10 ,9475,9535, forward ,60
 Plasmid_1 ,8970,9006, forward ,36, Plasmid_2 ,7717,7771, forward ,54, Plasmid_3 ,7756,7792, forward ,36, Plasmid_4 ,8496,8577, forward ,81, Plasmid_5 ,9165,9216, forward ,51, Plasmid_6 ,8032,8137, forward ,105, Plasmid_7 ,7955,7997, forward ,42, Plasmid_8 ,8583,8682, forward ,99, Plasmid_9 ,7563,7635, forward ,72, Plasmid_10 ,9553,9658, forward ,105
 Plasmid_1 ,9380,9467, forward ,87, Plasmid_2 ,7739,7856, forward ,117, Plasmid_3 ,7770,7893, forward ,123, Plasmid_4 ,8526,8577, forward ,51, Plasmid_5 ,9212,9266, forward ,54, Plasmid_6 ,8151,8193, forward ,42, Plasmid_7 ,8150,8342, forward ,192, Plasmid_8 ,8727,8880, forward ,153, Plasmid_9 ,7596,7635, forward ,39, Plasmid_10 ,9694,9742, forward ,48
 Plasmid_1 ,9392,9467, forward ,75, Plasmid_2 ,7876,8215, forward ,339, Plasmid_3 ,7930,8035, forward ,105, Plasmid_4 ,8542,8749, forward ,207, Plasmid_5 ,9289,9352, forward ,63, Plasmid_6 ,8384,8495, forward ,111, Plasmid_7 ,8206,8347, forward ,141, Plasmid_8 ,8811,8880, forward ,69, Plasmid_9 ,7777,7867, forward ,90, Plasmid_10 ,4,40, reverse ,36
 Plasmid_1 ,9617,9665, forward ,48, Plasmid_2 ,8141,8261, forward ,120, Plasmid_3 ,7982,8078, forward ,96, Plasmid_4 ,8610,8652, forward ,42, Plasmid_5 ,9411,9477, forward ,66, Plasmid_6 ,8436,8511, forward ,75, Plasmid_7 ,8225,8342, forward ,117, Plasmid_8 ,8886,8970, forward ,84, Plasmid_9 ,7894,7939, forward ,45, Plasmid_10 ,39,159, reverse ,120
 Plasmid_1 ,9725,9776, forward ,51, Plasmid_2 ,8154,8223, forward ,69, Plasmid_3 ,7985,8078, forward ,93, Plasmid_4 ,8699,8792, forward ,93, Plasmid_5 ,9427,9538, forward ,111, Plasmid_6 ,8534,8621, forward ,87, Plasmid_7 ,8246,8342, forward ,96, Plasmid_8 ,8892,8970, forward ,78, Plasmid_9 ,8131,8188, forward ,57, Plasmid_10 ,242,293, reverse ,51
 Plasmid_1 ,171,312, reverse ,141, Plasmid_2 ,8377,8497, forward ,120, Plasmid_3 ,8007,8157, forward ,150, Plasmid_4 ,8834,8954, forward ,120, Plasmid_5 ,9473,9602, forward ,129, Plasmid_6 ,8586,8652, forward ,66, Plasmid_7 ,8444,8597, forward ,153, Plasmid_8 ,8901,8970, forward ,69, Plasmid_9 ,8149,8188, forward ,39, Plasmid_10 ,406,469, reverse ,63
 Plasmid_1 ,238,298, reverse ,60, Plasmid_2 ,8388,8511, forward ,123, Plasmid_3 ,8012,8078, forward ,66, Plasmid_4 ,8923,8992, forward ,69, Plasmid_5 ,9490,9538, forward ,48, Plasmid_6 ,8613,8652, forward ,39, Plasmid_7 ,8524,8635, forward ,111, Plasmid_8 ,8936,9026, forward ,90, Plasmid_9 ,8395,8482, forward ,87, Plasmid_10 ,421,469, reverse ,48
 Plasmid_1 ,308,356, reverse ,48, Plasmid_2 ,8542,8635, forward ,93, Plasmid_3 ,8019,8157, forward ,138, Plasmid_4 ,9094,9142, forward ,48, Plasmid_5 ,9494,9602, forward ,108, Plasmid_6 ,9055,9139, forward ,84, Plasmid_7 ,8580,8658, forward ,78, Plasmid_8 ,9188,9224, forward ,36, Plasmid_9 ,8404,8482, forward ,78, Plasmid_10 ,492,657, reverse ,165
 Plasmid_1 ,356,464, reverse ,108, Plasmid_2 ,8584,8635, forward ,51, Plasmid_3 ,8094,8157, forward ,63, Plasmid_4 ,9138,9174, forward ,36, Plasmid_5 ,9539,9602, forward ,63, Plasmid_6 ,9143,9215, forward ,72, Plasmid_7 ,8792,8873, forward ,81, Plasmid_8 ,9465,9528, forward ,63, Plasmid_9 ,8706,8835, forward ,129, Plasmid_10 ,504,657, reverse ,153
 Plasmid_1 ,423,516, reverse ,93, Plasmid_2 ,8635,8722, forward ,87, Plasmid_3 ,8153,8399, forward ,246, Plasmid_4 ,9145,9187, forward ,42, Plasmid_5 ,24,105, reverse ,81, Plasmid_6 ,9161,9215, forward ,54, Plasmid_7 ,8866,9061, forward ,195, Plasmid_8 ,9689,9830, forward ,141, Plasmid_9 ,8733,8835, forward ,102, Plasmid_10 ,549,657, reverse ,108
 Plasmid_1 ,896,965, reverse ,69, Plasmid_2 ,8992,9028, forward ,36, Plasmid_3 ,8156,8399, forward ,243, Plasmid_4 ,9149,9209, forward ,60, Plasmid_5 ,50,173, reverse ,123, Plasmid_6 ,9349,9439, forward ,90, Plasmid_7 ,8900,8963, forward ,63, Plasmid_8 ,9705,9750, forward ,45, Plasmid_9 ,8784,8835, forward ,51, Plasmid_10 ,603,657, reverse ,54
 Plasmid_1 ,1024,1195, reverse ,171, Plasmid_2 ,9065,9110, forward ,45, Plasmid_3 ,8288,8399, forward ,111, Plasmid_4 ,9263,9350, forward ,87, Plasmid_5 ,86,173, reverse ,87, Plasmid_6 ,9394,9439, forward ,45, Plasmid_7 ,8914,9061, forward ,147, Plasmid_8 ,9777,9873, forward ,96, Plasmid_9 ,8898,8997, forward ,99, Plasmid_10 ,816,855, reverse ,39
 Plasmid_1 ,1027,1195, reverse ,168, Plasmid_2 ,9106,9304, forward ,198, Plasmid_3 ,8301,8382, forward ,81, Plasmid_4 ,9293,9350, forward ,57, Plasmid_5 ,387,498, reverse ,111, Plasmid_6 ,9551,9587, forward ,36, Plasmid_7 ,9266,9572, forward ,306, Plasmid_8 ,114,159, reverse ,45, Plasmid_9 ,8940,8997, forward ,57, Plasmid_10 ,829,943, reverse ,114
 Plasmid_1 ,1102,1195, reverse ,93, Plasmid_2 ,9200,9239, forward ,39, Plasmid_3 ,8312,8399, forward ,87, Plasmid_4 ,9402,9444, forward ,42, Plasmid_5 ,694,739, reverse ,45, Plasmid_6 ,9562,9628, forward ,66, Plasmid_7 ,9410,9572, forward ,162, Plasmid_8 ,217,292, reverse ,75, Plasmid_9 ,9175,9256, forward ,81, Plasmid_10 ,911,974, reverse ,63
 Plasmid_1 ,1388,1448, reverse ,60, Plasmid_2 ,9373,9412, forward ,39, Plasmid_3 ,8368,8629, forward ,261, Plasmid_4 ,9415,9628, forward ,213, Plasmid_5 ,887,932, reverse ,45, Plasmid_6 ,9624,9663, forward ,39, Plasmid_7 ,9454,9493, forward ,39, Plasmid_8 ,539,641, reverse ,102, Plasmid_9 ,9278,9470, forward ,192, Plasmid_10 ,1047,1152, reverse ,105
 Plasmid_1 ,1485,1557, reverse ,72, Plasmid_2 ,9522,9678, forward ,156, Plasmid_3 ,8660,8711, forward ,51, Plasmid_4 ,9448,9628, forward ,180, Plasmid_5 ,947,1079, reverse ,132, Plasmid_6 ,9830,9911, forward ,81, Plasmid_7 ,9720,9765, forward ,45, Plasmid_8 ,637,748, reverse ,111, Plasmid_9 ,9337,9493, forward ,156, Plasmid_10 ,1107,1152, reverse ,45
 Plasmid_1 ,1596,1707, reverse ,111, Plasmid_2 ,9538,9580, forward ,42, Plasmid_3 ,8677,8734, forward ,57, Plasmid_4 ,9477,9516, forward ,39, Plasmid_5 ,1148,1187, reverse ,39, Plasmid_6 ,74,179, reverse ,105, Plasmid_7 ,9736,9910, forward ,174, Plasmid_8 ,710,770, reverse ,60, Plasmid_9 ,9428,9470, forward ,42, Plasmid_10 ,1198,1249, reverse ,51
 Plasmid_1 ,1608,1707, reverse ,99, Plasmid_2 ,9567,9678, forward ,111, Plasmid_3 ,8757,8814, forward ,57, Plasmid_4 ,9643,9790, forward ,147, Plasmid_5 ,1180,1228, reverse ,48, Plasmid_6 ,192,285, reverse ,93, Plasmid_7 ,41,83, reverse ,42, Plasmid_8 ,725,770, reverse ,45, Plasmid_9 ,9436,9493, forward ,57, Plasmid_10 ,1235,1280, reverse ,45
 Plasmid_1 ,1703,1742, reverse ,39, Plasmid_2 ,9590,9650, forward ,60, Plasmid_3 ,8836,8974, forward ,138, Plasmid_4 ,9670,9790, forward ,120, Plasmid_5 ,1540,1627, reverse ,87, Plasmid_6 ,351,504, reverse ,153, Plasmid_7 ,110,188, reverse ,78, Plasmid_8 ,866,917, reverse ,51, Plasmid_9 ,9632,9722, forward ,90, Plasmid_10 ,1376,1445, reverse ,69
 Plasmid_1 ,1855,1963, reverse ,108, Plasmid_2 ,9597,9678, forward ,81, Plasmid_3 ,9028,9220, forward ,192, Plasmid_4 ,9729,9807, forward ,78, Plasmid_5 ,1632,1668, reverse ,36, Plasmid_6 ,380,431, reverse ,51, Plasmid_7 ,123,183, reverse ,60, Plasmid_8 ,1049,1136, reverse ,87, Plasmid_9 ,9635,9722, forward ,87, Plasmid_10 ,1460,1529, reverse ,69
 Plasmid_1 ,2052,2193, reverse ,141, Plasmid_2 ,9835,9916, forward ,81, Plasmid_3 ,9048,9177, forward ,129, Plasmid_4 ,9905,9947, forward ,42, Plasmid_5 ,1752,2037, reverse ,285, Plasmid_6 ,453,504, reverse ,51, Plasmid_7 ,420,504, reverse ,84, Plasmid_8 ,1183,1264, reverse ,81, Plasmid_9 ,101,176, reverse ,75, Plasmid_10 ,1836,1875, reverse ,39
 Plasmid_1 ,2272,2341, reverse ,69, Plasmid_2 ,9878,9920, forward ,42, Plasmid_3 ,9126,9177, forward ,51, Plasmid_4 ,35,89, reverse ,54, Plasmid_5 ,1798,1951, reverse ,153, Plasmid_6 ,466,553, reverse ,87, Plasmid_7 ,503,539, reverse ,36, Plasmid_8 ,1193,1253, reverse ,60, Plasmid_9 ,413,455, reverse ,42, Plasmid_10 ,2031,2136, reverse ,105
 Plasmid_1 ,2396,2537, reverse ,141, Plasmid_2 ,61,130, reverse ,69, Plasmid_3 ,9166,9220, forward ,54, Plasmid_4 ,75,225, reverse ,150, Plasmid_5 ,1922,1967, reverse ,45, Plasmid_6 ,633,753, reverse ,120, Plasmid_7 ,688,733, reverse ,45, Plasmid_8 ,1277,1523, reverse ,246, Plasmid_9 ,582,705, reverse ,123, Plasmid_10 ,2072,2132, reverse ,60
 Plasmid_1 ,2501,2537, reverse ,36, Plasmid_2 ,107,251, reverse ,144, Plasmid_3 ,9178,9220, forward ,42, Plasmid_4 ,105,225, reverse ,120, Plasmid_5 ,1947,2037, reverse ,90, Plasmid_6 ,711,753, reverse ,42, Plasmid_7 ,758,887, reverse ,129, Plasmid_8 ,1594,1714, reverse ,120, Plasmid_9 ,619,778, reverse ,159, Plasmid_10 ,2193,2265, reverse ,72
 Plasmid_1 ,2595,2694, reverse ,99, Plasmid_2 ,126,225, reverse ,99, Plasmid_3 ,9226,9322, forward ,96, Plasmid_4 ,275,332, reverse ,57, Plasmid_5 ,2075,2192, reverse ,117, Plasmid_6 ,857,920, reverse ,63, Plasmid_7 ,769,904, reverse ,135, Plasmid_8 ,1822,1882, reverse ,60, Plasmid_9 ,623,713, reverse ,90, Plasmid_10 ,2196,2265, reverse ,69
 Plasmid_1 ,2655,2694, reverse ,39, Plasmid_2 ,138,225, reverse ,87, Plasmid_3 ,9458,9545, forward ,87, Plasmid_4 ,409,544, reverse ,135, Plasmid_5 ,2181,2217, reverse ,36, Plasmid_6 ,1077,1146, reverse ,69, Plasmid_7 ,796,904, reverse ,108, Plasmid_8 ,2011,2047, reverse ,36, Plasmid_9 ,966,1053, reverse ,87, Plasmid_10 ,2264,2393, reverse ,129
 Plasmid_1 ,2701,2887, reverse ,186, Plasmid_2 ,169,214, reverse ,45, Plasmid_3 ,9541,9577, forward ,36, Plasmid_4 ,570,630, reverse ,60, Plasmid_5 ,2191,2323, reverse ,132, Plasmid_6 ,1112,1157, reverse ,45, Plasmid_7 ,951,1047, reverse ,96, Plasmid_8 ,2160,2223, reverse ,63, Plasmid_9 ,973,1027, reverse ,54, Plasmid_10 ,2487,2589, reverse ,102
 Plasmid_1 ,2726,2762, reverse ,36, Plasmid_2 ,352,577, reverse ,225, Plasmid_3 ,9617,9689, forward ,72, Plasmid_4 ,589,775, reverse ,186, Plasmid_5 ,2236,2323, reverse ,87, Plasmid_6 ,1153,1234, reverse ,81, Plasmid_7 ,1071,1152, reverse ,81, Plasmid_8 ,2179,2383, reverse ,204, Plasmid_9 ,1106,1193, reverse ,87, Plasmid_10 ,2505,2589, reverse ,84
 Plasmid_1 ,3036,3174, reverse ,138, Plasmid_2 ,421,577, reverse ,156, Plasmid_3 ,106,232, reverse ,126, Plasmid_4 ,602,644, reverse ,42, Plasmid_5 ,2304,2364, reverse ,60, Plasmid_6 ,1156,1234, reverse ,78, Plasmid_7 ,1116,1152, reverse ,36, Plasmid_8 ,2265,2343, reverse ,78, Plasmid_9 ,1264,1312, reverse ,48, Plasmid_10 ,2526,2589, reverse ,63
 Plasmid_1 ,3083,3143, reverse ,60, Plasmid_2 ,439,577, reverse ,138, Plasmid_3 ,145,232, reverse ,87, Plasmid_4 ,1081,1207, reverse ,126, Plasmid_5 ,2451,2490, reverse ,39, Plasmid_6 ,1274,1313, reverse ,39, Plasmid_7 ,1138,1186, reverse ,48, Plasmid_8 ,2305,2383, reverse ,78, Plasmid_9 ,1600,1810, reverse ,210, Plasmid_10 ,2588,2705, reverse ,117
 Plasmid_1 ,3105,3174, reverse ,69, Plasmid_2 ,482,530, reverse ,48, Plasmid_3 ,275,344, reverse ,69, Plasmid_4 ,1208,1274, reverse ,66, Plasmid_5 ,2465,2627, reverse ,162, Plasmid_6 ,1342,1603, reverse ,261, Plasmid_7 ,1219,1255, reverse ,36, Plasmid_8 ,2342,2399, reverse ,57, Plasmid_9 ,1650,1695, reverse ,45, Plasmid_10 ,2604,2733, reverse ,129
 Plasmid_1 ,3267,3315, reverse ,48, Plasmid_2 ,789,834, reverse ,45, Plasmid_3 ,546,603, reverse ,57, Plasmid_4 ,1394,1547, reverse ,153, Plasmid_5 ,2471,2627, reverse ,156, Plasmid_6 ,1393,1603, reverse ,210, Plasmid_7 ,1295,1352, reverse ,57, Plasmid_8 ,2424,2463, reverse ,39, Plasmid_9 ,1657,1810, reverse ,153, Plasmid_10 ,2618,2705, reverse ,87
 Plasmid_1 ,3402,3609, reverse ,207, Plasmid_2 ,853,913, reverse ,60, Plasmid_3 ,735,786, reverse ,51, Plasmid_4 ,1613,1694, reverse ,81, Plasmid_5 ,2856,2940, reverse ,84, Plasmid_6 ,1463,1529, reverse ,66, Plasmid_7 ,1339,1390, reverse ,51, Plasmid_8 ,2598,2667, reverse ,69, Plasmid_9 ,1694,1760, reverse ,66, Plasmid_10 ,2745,2811, reverse ,66
 Plasmid_1 ,3480,3609, reverse ,129, Plasmid_2 ,934,1135, reverse ,201, Plasmid_3 ,778,871, reverse ,93, Plasmid_4 ,1626,1704, reverse ,78, Plasmid_5 ,2939,3011, reverse ,72, Plasmid_6 ,1599,1668, reverse ,69, Plasmid_7 ,1411,1504, reverse ,93, Plasmid_8 ,2733,2769, reverse ,36, Plasmid_9 ,1738,1810, reverse ,72, Plasmid_10 ,2912,3074, reverse ,162
 Plasmid_1 ,3519,3609, reverse ,90, Plasmid_2 ,1012,1135, reverse ,123, Plasmid_3 ,826,871, reverse ,45, Plasmid_4 ,1773,1896, reverse ,123, Plasmid_5 ,3007,3187, reverse ,180, Plasmid_6 ,1815,1920, reverse ,105, Plasmid_7 ,1424,1460, reverse ,36, Plasmid_8 ,2845,2947, reverse ,102, Plasmid_9 ,1759,1810, reverse ,51, Plasmid_10 ,3178,3223, reverse ,45
 Plasmid_1 ,3671,3713, reverse ,42, Plasmid_2 ,1040,1169, reverse ,129, Plasmid_3 ,893,941, reverse ,48, Plasmid_4 ,1776,1896, reverse ,120, Plasmid_5 ,3022,3187, reverse ,165, Plasmid_6 ,1840,2002, reverse ,162, Plasmid_7 ,1566,1878, reverse ,312, Plasmid_8 ,2946,3081, reverse ,135, Plasmid_9 ,1782,1845, reverse ,63, Plasmid_10 ,3239,3290, reverse ,51
 Plasmid_1 ,3684,3732, reverse ,48, Plasmid_2 ,1081,1135, reverse ,54, Plasmid_3 ,976,1012, reverse ,36, Plasmid_4 ,1803,1896, reverse ,93, Plasmid_5 ,3088,3187, reverse ,99, Plasmid_6 ,1916,1985, reverse ,69, Plasmid_7 ,1671,1878, reverse ,207, Plasmid_8 ,3203,3260, reverse ,57, Plasmid_9 ,1875,2076, reverse ,201, Plasmid_10 ,3394,3577, reverse ,183
 Plasmid_1 ,3855,3975, reverse ,120, Plasmid_2 ,1248,1383, reverse ,135, Plasmid_3 ,1247,1304, reverse ,57, Plasmid_4 ,1885,1921, reverse ,36, Plasmid_5 ,3113,3152, reverse ,39, Plasmid_6 ,1928,1985, reverse ,57, Plasmid_7 ,1822,1861, reverse ,39, Plasmid_8 ,3307,3511, reverse ,204, Plasmid_9 ,1946,1994, reverse ,48, Plasmid_10 ,3452,3512, reverse ,60
 Plasmid_1 ,3999,4122, reverse ,123, Plasmid_2 ,1256,1331, reverse ,75, Plasmid_3 ,1279,1354, reverse ,75, Plasmid_4 ,1920,2085, reverse ,165, Plasmid_5 ,3271,3328, reverse ,57, Plasmid_6 ,2047,2119, reverse ,72, Plasmid_7 ,1889,1925, reverse ,36, Plasmid_8 ,3421,3511, reverse ,90, Plasmid_9 ,1951,2053, reverse ,102, Plasmid_10 ,3541,3577, reverse ,36
 Plasmid_1 ,4016,4103, reverse ,87, Plasmid_2 ,1286,1331, reverse ,45, Plasmid_3 ,1473,1539, reverse ,66, Plasmid_4 ,2120,2186, reverse ,66, Plasmid_5 ,3442,3502, reverse ,60, Plasmid_6 ,2422,2599, reverse ,177, Plasmid_7 ,1957,2029, reverse ,72, Plasmid_8 ,3648,3687, reverse ,39, Plasmid_9 ,1993,2053, reverse ,60, Plasmid_10 ,3552,3639, reverse ,87
 Plasmid_1 ,4050,4122, reverse ,72, Plasmid_2 ,1308,1383, reverse ,75, Plasmid_3 ,1609,1654, reverse ,45, Plasmid_4 ,2154,2190, reverse ,36, Plasmid_5 ,3648,3759, reverse ,111, Plasmid_6 ,2671,2719, reverse ,48, Plasmid_7 ,1972,2029, reverse ,57, Plasmid_8 ,3683,3830, reverse ,147, Plasmid_9 ,2002,2053, reverse ,51, Plasmid_10 ,3671,3845, reverse ,174
 Plasmid_1 ,4071,4122, reverse ,51, Plasmid_2 ,1323,1383, reverse ,60, Plasmid_3 ,1653,1914, reverse ,261, Plasmid_4 ,2451,2541, reverse ,90, Plasmid_5 ,3835,3925, reverse ,90, Plasmid_6 ,2800,2890, reverse ,90, Plasmid_7 ,2056,2149, reverse ,93, Plasmid_8 ,3956,4013, reverse ,57, Plasmid_9 ,2233,2272, reverse ,39, Plasmid_10 ,3729,3792, reverse ,63
 Plasmid_1 ,4118,4187, reverse ,69, Plasmid_2 ,1393,1441, reverse ,48, Plasmid_3 ,1692,1914, reverse ,222, Plasmid_4 ,2626,2689, reverse ,63, Plasmid_5 ,4015,4162, reverse ,147, Plasmid_6 ,2824,2890, reverse ,66, Plasmid_7 ,2093,2171, reverse ,78, Plasmid_8 ,4090,4237, reverse ,147, Plasmid_9 ,2275,2323, reverse ,48, Plasmid_10 ,3834,3885, reverse ,51
 Plasmid_1 ,4121,4187, reverse ,66, Plasmid_2 ,1477,1531, reverse ,54, Plasmid_3 ,1726,2005, reverse ,279, Plasmid_4 ,2829,2886, reverse ,57, Plasmid_5 ,4099,4162, reverse ,63, Plasmid_6 ,2831,2879, reverse ,48, Plasmid_7 ,2412,2496, reverse ,84, Plasmid_8 ,4434,4605, reverse ,171, Plasmid_9 ,2398,2467, reverse ,69, Plasmid_10 ,4000,4108, reverse ,108
 Plasmid_1 ,4152,4221, reverse ,69, Plasmid_2 ,1531,1648, reverse ,117, Plasmid_3 ,1889,2078, reverse ,189, Plasmid_4 ,2910,2955, reverse ,45, Plasmid_5 ,4103,4202, reverse ,99, Plasmid_6 ,3045,3156, reverse ,111, Plasmid_7 ,2521,2605, reverse ,84, Plasmid_8 ,4736,4817, reverse ,81, Plasmid_9 ,2823,2874, reverse ,51, Plasmid_10 ,4021,4108, reverse ,87
 Plasmid_1 ,4313,4595, reverse ,282, Plasmid_2 ,1737,1848, reverse ,111, Plasmid_3 ,1910,2078, reverse ,168, Plasmid_4 ,2983,3262, reverse ,279, Plasmid_5 ,4256,4367, reverse ,111, Plasmid_6 ,3100,3274, reverse ,174, Plasmid_7 ,2756,2804, reverse ,48, Plasmid_8 ,4813,5035, reverse ,222, Plasmid_9 ,2927,3089, reverse ,162, Plasmid_10 ,4054,4108, reverse ,54
 Plasmid_1 ,4440,4491, reverse ,51, Plasmid_2 ,1752,1848, reverse ,96, Plasmid_3 ,2012,2078, reverse ,66, Plasmid_4 ,3085,3262, reverse ,177, Plasmid_5 ,4388,4436, reverse ,48, Plasmid_6 ,3208,3274, reverse ,66, Plasmid_7 ,2787,2853, reverse ,66, Plasmid_8 ,5050,5167, reverse ,117, Plasmid_9 ,3085,3121, reverse ,36, Plasmid_10 ,4428,4479, reverse ,51
 Plasmid_1 ,4454,4595, reverse ,141, Plasmid_2 ,2172,2409, reverse ,237, Plasmid_3 ,2022,2265, reverse ,243, Plasmid_4 ,3109,3262, reverse ,153, Plasmid_5 ,4465,4558, reverse ,93, Plasmid_6 ,3237,3318, reverse ,81, Plasmid_7 ,2815,2974, reverse ,159, Plasmid_8 ,5111,5321, reverse ,210, Plasmid_9 ,3202,3238, reverse ,36, Plasmid_10 ,4469,4514, reverse ,45
 Plasmid_1 ,4528,4603, reverse ,75, Plasmid_2 ,2287,2398, reverse ,111, Plasmid_3 ,2492,2648, reverse ,156, Plasmid_4 ,3181,3262, reverse ,81, Plasmid_5 ,4715,4955, reverse ,240, Plasmid_6 ,3314,3371, reverse ,57, Plasmid_7 ,2842,2974, reverse ,132, Plasmid_8 ,5128,5167, reverse ,39, Plasmid_9 ,3288,3333, reverse ,45, Plasmid_10 ,4540,4597, reverse ,57
 Plasmid_1 ,4612,4705, reverse ,93, Plasmid_2 ,2309,2555, reverse ,246, Plasmid_3 ,2547,2610, reverse ,63, Plasmid_4 ,3184,3262, reverse ,78, Plasmid_5 ,4916,4955, reverse ,39, Plasmid_6 ,3367,3463, reverse ,96, Plasmid_7 ,2960,3056, reverse ,96, Plasmid_8 ,5147,5321, reverse ,174, Plasmid_9 ,3430,3511, reverse ,81, Plasmid_10 ,4596,4647, reverse ,51
 Plasmid_1 ,4631,4670, reverse ,39, Plasmid_2 ,2369,2555, reverse ,186, Plasmid_3 ,2694,2793, reverse ,99, Plasmid_4 ,3231,3294, reverse ,63, Plasmid_5 ,4960,5059, reverse ,99, Plasmid_6 ,3551,3596, reverse ,45, Plasmid_7 ,2984,3056, reverse ,72, Plasmid_8 ,5317,5359, reverse ,42, Plasmid_9 ,3441,3483, reverse ,42, Plasmid_10 ,4603,4708, reverse ,105
 Plasmid_1 ,4676,4745, reverse ,69, Plasmid_2 ,2520,2601, reverse ,81, Plasmid_3 ,2705,2768, reverse ,63, Plasmid_4 ,3517,3628, reverse ,111, Plasmid_5 ,5234,5312, reverse ,78, Plasmid_6 ,3564,3771, reverse ,207, Plasmid_7 ,3161,3233, reverse ,72, Plasmid_8 ,5495,5636, reverse ,141, Plasmid_9 ,3642,3684, reverse ,42, Plasmid_10 ,4648,4708, reverse ,60
 Plasmid_1 ,4759,4879, reverse ,120, Plasmid_2 ,2702,2753, reverse ,51, Plasmid_3 ,2797,2878, reverse ,81, Plasmid_4 ,3576,3615, reverse ,39, Plasmid_5 ,5268,5490, reverse ,222, Plasmid_6 ,3702,3771, reverse ,69, Plasmid_7 ,3301,3340, reverse ,39, Plasmid_8 ,5674,5710, reverse ,36, Plasmid_9 ,3754,3832, reverse ,78, Plasmid_10 ,5103,5196, reverse ,93
 Plasmid_1 ,4899,4935, reverse ,36, Plasmid_2 ,3320,3416, reverse ,96, Plasmid_3 ,3042,3078, reverse ,36, Plasmid_4 ,3611,3686, reverse ,75, Plasmid_5 ,5289,5490, reverse ,201, Plasmid_6 ,3710,3776, reverse ,66, Plasmid_7 ,3336,3372, reverse ,36, Plasmid_8 ,5779,5821, reverse ,42, Plasmid_9 ,3850,3910, reverse ,60, Plasmid_10 ,5133,5196, reverse ,63
 Plasmid_1 ,5074,5170, reverse ,96, Plasmid_2 ,3350,3416, reverse ,66, Plasmid_3 ,3050,3092, reverse ,42, Plasmid_4 ,3630,3696, reverse ,66, Plasmid_5 ,5354,5441, reverse ,87, Plasmid_6 ,3715,3790, reverse ,75, Plasmid_7 ,3488,3578, reverse ,90, Plasmid_8 ,6269,6317, reverse ,48, Plasmid_9 ,3906,3975, reverse ,69, Plasmid_10 ,5256,5346, reverse ,90
 Plasmid_1 ,5080,5170, reverse ,90, Plasmid_2 ,3420,3480, reverse ,60, Plasmid_3 ,3188,3269, reverse ,81, Plasmid_4 ,3685,3745, reverse ,60, Plasmid_5 ,5448,5490, reverse ,42, Plasmid_6 ,3852,3891, reverse ,39, Plasmid_7 ,3507,3606, reverse ,99, Plasmid_8 ,6429,6531, reverse ,102, Plasmid_9 ,3909,3975, reverse ,66, Plasmid_10 ,5278,5353, reverse ,75
 Plasmid_1 ,5175,5226, reverse ,51, Plasmid_2 ,3564,3603, reverse ,39, Plasmid_3 ,3360,3486, reverse ,126, Plasmid_4 ,3722,3836, reverse ,114, Plasmid_5 ,5486,5630, reverse ,144, Plasmid_6 ,3935,3989, reverse ,54, Plasmid_7 ,3612,3762, reverse ,150, Plasmid_8 ,6443,6584, reverse ,141, Plasmid_9 ,4030,4105, reverse ,75, Plasmid_10 ,5541,5601, reverse ,60
 Plasmid_1 ,5373,5472, reverse ,99, Plasmid_2 ,3577,3634, reverse ,57, Plasmid_3 ,3551,3635, reverse ,84, Plasmid_4 ,3786,3873, reverse ,87, Plasmid_5 ,5513,5630, reverse ,117, Plasmid_6 ,3938,3989, reverse ,51, Plasmid_7 ,3647,3773, reverse ,126, Plasmid_8 ,6448,6517, reverse ,69, Plasmid_9 ,4033,4105, reverse ,72, Plasmid_10 ,5637,5688, reverse ,51
 Plasmid_1 ,5417,5462, reverse ,45, Plasmid_2 ,3680,4004, reverse ,324, Plasmid_3 ,3843,3891, reverse ,48, Plasmid_4 ,3897,3966, reverse ,69, Plasmid_5 ,5541,5622, reverse ,81, Plasmid_6 ,3952,4006, reverse ,54, Plasmid_7 ,3675,3762, reverse ,87, Plasmid_8 ,6556,6646, reverse ,90, Plasmid_9 ,4039,4105, reverse ,66, Plasmid_10 ,5732,5768, reverse ,36
 Plasmid_1 ,5489,5789, reverse ,300, Plasmid_2 ,3810,3912, reverse ,102, Plasmid_3 ,3872,3923, reverse ,51, Plasmid_4 ,4054,4096, reverse ,42, Plasmid_5 ,5634,5706, reverse ,72, Plasmid_6 ,4044,4158, reverse ,114, Plasmid_7 ,3693,3762, reverse ,69, Plasmid_8 ,6709,6898, reverse ,189, Plasmid_9 ,4159,4210, reverse ,51, Plasmid_10 ,5787,5943, reverse ,156
 Plasmid_1 ,5516,5789, reverse ,273, Plasmid_2 ,3933,3975, reverse ,42, Plasmid_3 ,3924,3984, reverse ,60, Plasmid_4 ,4211,4283, reverse ,72, Plasmid_5 ,5819,5858, reverse ,39, Plasmid_6 ,4119,4158, reverse ,39, Plasmid_7 ,3725,3773, reverse ,48, Plasmid_8 ,6760,6898, reverse ,138, Plasmid_9 ,4316,4391, reverse ,75, Plasmid_10 ,5859,5943, reverse ,84
 Plasmid_1 ,5550,5637, reverse ,87, Plasmid_2 ,4145,4181, reverse ,36, Plasmid_3 ,3931,4009, reverse ,78, Plasmid_4 ,4452,4641, reverse ,189, Plasmid_5 ,5842,5914, reverse ,72, Plasmid_6 ,4528,4642, reverse ,114, Plasmid_7 ,3912,3948, reverse ,36, Plasmid_8 ,6932,7073, reverse ,141, Plasmid_9 ,4567,4645, reverse ,78, Plasmid_10 ,6356,6629, reverse ,273
 Plasmid_1 ,5643,5709, reverse ,66, Plasmid_2 ,4173,4236, reverse ,63, Plasmid_3 ,4015,4096, reverse ,81, Plasmid_4 ,4494,4641, reverse ,147, Plasmid_5 ,6004,6082, reverse ,78, Plasmid_6 ,4588,4642, reverse ,54, Plasmid_7 ,4050,4155, reverse ,105, Plasmid_8 ,6999,7053, reverse ,54, Plasmid_9 ,4575,4701, reverse ,126, Plasmid_10 ,6464,6629, reverse ,165
 Plasmid_1 ,5818,6037, reverse ,219, Plasmid_2 ,4280,4391, reverse ,111, Plasmid_3 ,4325,4367, reverse ,42, Plasmid_4 ,4560,4641, reverse ,81, Plasmid_5 ,6011,6140, reverse ,129, Plasmid_6 ,4603,4642, reverse ,39, Plasmid_7 ,4242,4302, reverse ,60, Plasmid_8 ,7213,7420, reverse ,207, Plasmid_9 ,4582,4645, reverse ,63, Plasmid_10 ,6487,6580, reverse ,93
 Plasmid_1 ,5851,6037, reverse ,186, Plasmid_2 ,4368,4443, reverse ,75, Plasmid_3 ,4518,4677, reverse ,159, Plasmid_4 ,4792,4876, reverse ,84, Plasmid_5 ,6168,6225, reverse ,57, Plasmid_6 ,4687,4732, reverse ,45, Plasmid_7 ,4337,4376, reverse ,39, Plasmid_8 ,7239,7458, reverse ,219, Plasmid_9 ,4641,4701, reverse ,60, Plasmid_10 ,6508,6580, reverse ,72
 Plasmid_1 ,5875,6037, reverse ,162, Plasmid_2 ,4471,4681, reverse ,210, Plasmid_3 ,4628,4667, reverse ,39, Plasmid_4 ,4848,4929, reverse ,81, Plasmid_5 ,6177,6225, reverse ,48, Plasmid_6 ,4765,4828, reverse ,63, Plasmid_7 ,4466,4520, reverse ,54, Plasmid_8 ,7360,7420, reverse ,60, Plasmid_9 ,4656,4701, reverse ,45, Plasmid_10 ,6515,6629, reverse ,114
 Plasmid_1 ,5923,6037, reverse ,114, Plasmid_2 ,4531,4681, reverse ,150, Plasmid_3 ,4756,5026, reverse ,270, Plasmid_4 ,4977,5127, reverse ,150, Plasmid_5 ,6428,6476, reverse ,48, Plasmid_6 ,4859,5093, reverse ,234, Plasmid_7 ,4476,4524, reverse ,48, Plasmid_8 ,7841,7901, reverse ,60, Plasmid_9 ,4851,4950, reverse ,99, Plasmid_10 ,6548,6629, reverse ,81
 Plasmid_1 ,5946,6006, reverse ,60, Plasmid_2 ,4624,4681, reverse ,57, Plasmid_3 ,4906,5026, reverse ,120, Plasmid_4 ,4992,5127, reverse ,135, Plasmid_5 ,6472,6670, reverse ,198, Plasmid_6 ,4883,5093, reverse ,210, Plasmid_7 ,4572,4647, reverse ,75, Plasmid_8 ,8112,8253, reverse ,141, Plasmid_9 ,5002,5170, reverse ,168, Plasmid_10 ,6625,6769, reverse ,144
 Plasmid_1 ,6045,6114, reverse ,69, Plasmid_2 ,4983,5085, reverse ,102, Plasmid_3 ,4944,5058, reverse ,114, Plasmid_4 ,5018,5111, reverse ,93, Plasmid_5 ,6642,6762, reverse ,120, Plasmid_6 ,5250,5301, reverse ,51, Plasmid_7 ,4715,4769, reverse ,54, Plasmid_8 ,8198,8246, reverse ,48, Plasmid_9 ,5108,5150, reverse ,42, Plasmid_10 ,6721,6769, reverse ,48
 Plasmid_1 ,6071,6203, reverse ,132, Plasmid_2 ,5178,5232, reverse ,54, Plasmid_3 ,4967,5147, reverse ,180, Plasmid_4 ,5143,5203, reverse ,60, Plasmid_5 ,6718,6787, reverse ,69, Plasmid_6 ,5278,5632, reverse ,354, Plasmid_7 ,4809,4908, reverse ,99, Plasmid_8 ,8296,8341, reverse ,45, Plasmid_9 ,5114,5150, reverse ,36, Plasmid_10 ,6807,6849, reverse ,42
 Plasmid_1 ,6118,6190, reverse ,72, Plasmid_2 ,5207,5255, reverse ,48, Plasmid_3 ,5338,5470, reverse ,132, Plasmid_4 ,5146,5203, reverse ,57, Plasmid_5 ,6737,6911, reverse ,174, Plasmid_6 ,5431,5632, reverse ,201, Plasmid_7 ,4980,5043, reverse ,63, Plasmid_8 ,8402,8594, reverse ,192, Plasmid_9 ,5122,5170, reverse ,48, Plasmid_10 ,6820,7003, reverse ,183
 Plasmid_1 ,6125,6203, reverse ,78, Plasmid_2 ,5276,5519, reverse ,243, Plasmid_3 ,5417,5498, reverse ,81, Plasmid_4 ,5326,5449, reverse ,123, Plasmid_5 ,6996,7197, reverse ,201, Plasmid_6 ,5436,5490, reverse ,54, Plasmid_7 ,5150,5348, reverse ,198, Plasmid_8 ,8463,8571, reverse ,108, Plasmid_9 ,5179,5392, reverse ,213, Plasmid_10 ,6850,7003, reverse ,153
 Plasmid_1 ,6146,6203, reverse ,57, Plasmid_2 ,5281,5332, reverse ,51, Plasmid_3 ,5444,5498, reverse ,54, Plasmid_4 ,5475,5556, reverse ,81, Plasmid_5 ,7046,7139, reverse ,93, Plasmid_6 ,5470,5632, reverse ,162, Plasmid_7 ,5358,5520, reverse ,162, Plasmid_8 ,8751,8886, reverse ,135, Plasmid_9 ,5230,5392, reverse ,162, Plasmid_10 ,6873,6912, reverse ,39
 Plasmid_1 ,6236,6368, reverse ,132, Plasmid_2 ,5399,5519, reverse ,120, Plasmid_3 ,5622,5700, reverse ,78, Plasmid_4 ,5539,5575, reverse ,36, Plasmid_5 ,7053,7197, reverse ,144, Plasmid_6 ,5482,5632, reverse ,150, Plasmid_7 ,5361,5520, reverse ,159, Plasmid_8 ,8906,8951, reverse ,45, Plasmid_9 ,5266,5392, reverse ,126, Plasmid_10 ,6980,7016, reverse ,36
 Plasmid_1 ,6315,6714, reverse ,399, Plasmid_2 ,5444,5519, reverse ,75, Plasmid_3 ,5856,5895, reverse ,39, Plasmid_4 ,5719,5764, reverse ,45, Plasmid_5 ,7128,7197, reverse ,69, Plasmid_6 ,5497,5632, reverse ,135, Plasmid_7 ,5416,5530, reverse ,114, Plasmid_8 ,8991,9168, reverse ,177, Plasmid_9 ,5308,5392, reverse ,84, Plasmid_10 ,6996,7137, reverse ,141
 Plasmid_1 ,6415,6520, reverse ,105, Plasmid_2 ,5560,5647, reverse ,87, Plasmid_3 ,5884,6028, reverse ,144, Plasmid_4 ,5794,5935, reverse ,141, Plasmid_5 ,7193,7322, reverse ,129, Plasmid_6 ,5529,5580, reverse ,51, Plasmid_7 ,5437,5530, reverse ,93, Plasmid_8 ,9099,9168, reverse ,69, Plasmid_9 ,5471,5549, reverse ,78, Plasmid_10 ,7244,7343, reverse ,99
 Plasmid_1 ,6433,6520, reverse ,87, Plasmid_2 ,5636,5717, reverse ,81, Plasmid_3 ,6241,6334, reverse ,93, Plasmid_4 ,5873,5954, reverse ,81, Plasmid_5 ,7524,7740, reverse ,216, Plasmid_6 ,5564,5681, reverse ,117, Plasmid_7 ,5461,5530, reverse ,69, Plasmid_8 ,9145,9220, reverse ,75, Plasmid_9 ,5532,5571, reverse ,39, Plasmid_10 ,7430,7520, reverse ,90
 Plasmid_1 ,6492,6714, reverse ,222, Plasmid_2 ,5724,5775, reverse ,51, Plasmid_3 ,6413,6476, reverse ,63, Plasmid_4 ,5894,5954, reverse ,60, Plasmid_5 ,7614,7740, reverse ,126, Plasmid_6 ,5763,5958, reverse ,195, Plasmid_7 ,5488,5530, reverse ,42, Plasmid_8 ,9168,9231, reverse ,63, Plasmid_9 ,5765,5852, reverse ,87, Plasmid_10 ,7568,7616, reverse ,48
 Plasmid_1 ,6512,6635, reverse ,123, Plasmid_2 ,5787,5886, reverse ,99, Plasmid_3 ,6431,6476, reverse ,45, Plasmid_4 ,5900,5954, reverse ,54, Plasmid_5 ,7868,7916, reverse ,48, Plasmid_6 ,5794,6016, reverse ,222, Plasmid_7 ,6125,6335, reverse ,210, Plasmid_8 ,9195,9231, reverse ,36, Plasmid_9 ,5798,5852, reverse ,54, Plasmid_10 ,7608,7740, reverse ,132
 Plasmid_1 ,6516,6714, reverse ,198, Plasmid_2 ,5844,5886, reverse ,42, Plasmid_3 ,6504,6609, reverse ,105, Plasmid_4 ,5909,5954, reverse ,45, Plasmid_5 ,8038,8083, reverse ,45, Plasmid_6 ,5809,6016, reverse ,207, Plasmid_7 ,6181,6361, reverse ,180, Plasmid_8 ,9428,9512, reverse ,84, Plasmid_9 ,5816,5852, reverse ,36, Plasmid_10 ,7632,7740, reverse ,108
 Plasmid_1 ,6588,6714, reverse ,126, Plasmid_2 ,5867,5999, reverse ,132, Plasmid_3 ,6541,6649, reverse ,108, Plasmid_4 ,5970,6264, reverse ,294, Plasmid_5 ,8297,8345, reverse ,48, Plasmid_6 ,6029,6119, reverse ,90, Plasmid_7 ,6434,6539, reverse ,105, Plasmid_8 ,9432,9543, reverse ,111, Plasmid_9 ,5856,5952, reverse ,96, Plasmid_10 ,7779,7887, reverse ,108
 Plasmid_1 ,6642,6714, reverse ,72, Plasmid_2 ,5918,5999, reverse ,81, Plasmid_3 ,6618,6666, reverse ,48, Plasmid_4 ,6117,6264, reverse ,147, Plasmid_5 ,8563,8617, reverse ,54, Plasmid_6 ,6097,6205, reverse ,108, Plasmid_7 ,6462,6603, reverse ,141, Plasmid_8 ,9447,9543, reverse ,96, Plasmid_9 ,6042,6180, reverse ,138, Plasmid_10 ,7795,7873, reverse ,78
 Plasmid_1 ,6663,6714, reverse ,51, Plasmid_2 ,6195,6243, reverse ,48, Plasmid_3 ,6627,6666, reverse ,39, Plasmid_4 ,6308,6350, reverse ,42, Plasmid_5 ,8690,8735, reverse ,45, Plasmid_6 ,6118,6205, reverse ,87, Plasmid_7 ,6479,6539, reverse ,60, Plasmid_8 ,9558,9594, reverse ,36, Plasmid_9 ,6084,6180, reverse ,96, Plasmid_10 ,7807,7873, reverse ,66
 Plasmid_1 ,6715,6757, reverse ,42, Plasmid_2 ,6293,6401, reverse ,108, Plasmid_3 ,6766,6907, reverse ,141, Plasmid_4 ,6342,6378, reverse ,36, Plasmid_5 ,8744,8900, reverse ,156, Plasmid_6 ,6182,6266, reverse ,84, Plasmid_7 ,6516,6603, reverse ,87, Plasmid_8 ,9604,9694, reverse ,90, Plasmid_9 ,6151,6250, reverse ,99, Plasmid_10 ,7899,7983, reverse ,84
 Plasmid_1 ,6729,6765, reverse ,36, Plasmid_2 ,6522,6756, reverse ,234, Plasmid_3 ,6820,6907, reverse ,87, Plasmid_4 ,6416,6554, reverse ,138, Plasmid_5 ,8751,8844, reverse ,93, Plasmid_6 ,6207,6354, reverse ,147, Plasmid_7 ,6525,6603, reverse ,78, Plasmid_8 ,9677,9845, reverse ,168, Plasmid_9 ,6273,6348, reverse ,75, Plasmid_10 ,7925,7970, reverse ,45
 Plasmid_1 ,6782,6845, reverse ,63, Plasmid_2 ,6585,6756, reverse ,171, Plasmid_3 ,6879,6918, reverse ,39, Plasmid_4 ,6525,6621, reverse ,96, Plasmid_5 ,8793,8844, reverse ,51, Plasmid_6 ,6225,6354, reverse ,129, Plasmid_7 ,6623,6680, reverse ,57, Plasmid_8 ,9701,9845, reverse ,144, Plasmid_9 ,6366,6477, reverse ,111, Plasmid_10 ,7985,8087, reverse ,102
 Plasmid_1 ,6797,6845, reverse ,48, Plasmid_2 ,6708,6756, reverse ,48, Plasmid_3 ,6914,6965, reverse ,51, Plasmid_4 ,6611,6731, reverse ,120, Plasmid_5 ,8927,9074, reverse ,147, Plasmid_6 ,6340,6421, reverse ,81, Plasmid_7 ,6638,6680, reverse ,42, Plasmid_8 ,9714,9789, reverse ,75, Plasmid_9 ,6527,6806, reverse ,279, Plasmid_10 ,8151,8274, reverse ,123
 Plasmid_1 ,6927,6981, reverse ,54, Plasmid_2 ,6835,6895, reverse ,60, Plasmid_3 ,6954,7269, reverse ,315, Plasmid_4 ,6723,6786, reverse ,63, Plasmid_5 ,8938,8974, reverse ,36, Plasmid_6 ,6482,6554, reverse ,72, Plasmid_7 ,6646,6763, reverse ,117, Plasmid_8 ,9857,9902, reverse ,45, Plasmid_9 ,6554,6806, reverse ,252, Plasmid_10 ,8389,8488, reverse ,99
 Plasmid_1 ,7086,7128, reverse ,42, Plasmid_2 ,6976,7048, reverse ,72, Plasmid_3 ,7203,7269, reverse ,66, Plasmid_4 ,6887,7064, reverse ,177, Plasmid_5 ,9266,9305, reverse ,39, Plasmid_6 ,6550,6601, reverse ,51, Plasmid_7 ,6712,6763, reverse ,51,,,,,, Plasmid_9 ,6781,6823, reverse ,42, Plasmid_10 ,8504,8576, reverse ,72
 Plasmid_1 ,7176,7239, reverse ,63, Plasmid_2 ,7213,7279, reverse ,66, Plasmid_3 ,7230,7269, reverse ,39, Plasmid_4 ,6989,7064, reverse ,75, Plasmid_5 ,9369,9489, reverse ,120, Plasmid_6 ,6630,6705, reverse ,75, Plasmid_7 ,6724,6763, reverse ,39,,,,,, Plasmid_9 ,7014,7128, reverse ,114, Plasmid_10 ,8756,8957, reverse ,201
 Plasmid_1 ,7198,7264, reverse ,66, Plasmid_2 ,7279,7402, reverse ,123, Plasmid_3 ,7443,7545, reverse ,102, Plasmid_4 ,7060,7129, reverse ,69, Plasmid_5 ,9446,9503, reverse ,57, Plasmid_6 ,6761,6797, reverse ,36, Plasmid_7 ,6759,6915, reverse ,156,,,,,, Plasmid_9 ,7035,7128, reverse ,93, Plasmid_10 ,8953,9067, reverse ,114
 Plasmid_1 ,7244,7316, reverse ,72, Plasmid_2 ,7430,7472, reverse ,42, Plasmid_3 ,7557,7623, reverse ,66, Plasmid_4 ,7150,7279, reverse ,129, Plasmid_5 ,9467,9503, reverse ,36, Plasmid_6 ,6863,7175, reverse ,312, Plasmid_7 ,7158,7215, reverse ,57,,,,,, Plasmid_9 ,7062,7128, reverse ,66, Plasmid_10 ,9118,9175, reverse ,57
 Plasmid_1 ,7329,7563, reverse ,234, Plasmid_2 ,7471,7585, reverse ,114, Plasmid_3 ,7627,7735, reverse ,108, Plasmid_4 ,7343,7391, reverse ,48, Plasmid_5 ,9504,9555, reverse ,51, Plasmid_6 ,6929,7175, reverse ,246, Plasmid_7 ,7344,7401, reverse ,57,,,,,, Plasmid_9 ,7068,7128, reverse ,60, Plasmid_10 ,9124,9175, reverse ,51
 Plasmid_1 ,7342,7399, reverse ,57, Plasmid_2 ,7546,7585, reverse ,39, Plasmid_3 ,7728,7806, reverse ,78, Plasmid_4 ,7408,7489, reverse ,81, Plasmid_5 ,9518,9698, reverse ,180, Plasmid_6 ,7094,7175, reverse ,81, Plasmid_7 ,7458,7590, reverse ,132,,,,,, Plasmid_9 ,7163,7535, reverse ,372, Plasmid_10 ,9171,9276, reverse ,105
 Plasmid_1 ,7422,7563, reverse ,141, Plasmid_2 ,7812,7875, reverse ,63, Plasmid_3 ,7763,7844, reverse ,81, Plasmid_4 ,7452,7566, reverse ,114, Plasmid_5 ,9604,9649, reverse ,45, Plasmid_6 ,7100,7175, reverse ,75, Plasmid_7 ,7470,7590, reverse ,120,,,,,, Plasmid_9 ,7259,7535, reverse ,276, Plasmid_10 ,9207,9276, reverse ,69
 Plasmid_1 ,7434,7563, reverse ,129, Plasmid_2 ,7859,8060, reverse ,201, Plasmid_3 ,7772,7844, reverse ,72, Plasmid_4 ,7472,7562, reverse ,90, Plasmid_5 ,9609,9657, reverse ,48, Plasmid_6 ,7546,7717, reverse ,171, Plasmid_7 ,7527,7590, reverse ,63,,,,,, Plasmid_9 ,7366,7417, reverse ,51, Plasmid_10 ,9503,9584, reverse ,81
 Plasmid_1 ,7480,7552, reverse ,72, Plasmid_2 ,7899,8028, reverse ,129, Plasmid_3 ,7805,7844, reverse ,39, Plasmid_4 ,7664,7793, reverse ,129, Plasmid_5 ,9737,9860, reverse ,123, Plasmid_6 ,7564,7717, reverse ,153, Plasmid_7 ,7583,8009, reverse ,426,,,,,, Plasmid_9 ,7416,7512, reverse ,96, Plasmid_10 ,9667,9718, reverse ,51
 Plasmid_1 ,7683,7782, reverse ,99, Plasmid_2 ,8011,8080, reverse ,69, Plasmid_3 ,7956,7995, reverse ,39, Plasmid_4 ,7773,7899, reverse ,126, Plasmid_5 ,9746,9860, reverse ,114, Plasmid_6 ,7624,7717, reverse ,93, Plasmid_7 ,7671,7800, reverse ,129,,,,,, Plasmid_9 ,7619,7796, reverse ,177, Plasmid_10 ,9796,9916, reverse ,120
 Plasmid_1 ,7876,7927, reverse ,51, Plasmid_2 ,8123,8225, reverse ,102, Plasmid_3 ,8055,8145, reverse ,90, Plasmid_4 ,7842,7899, reverse ,57, Plasmid_5 ,9753,9855, reverse ,102, Plasmid_6 ,7760,7883, reverse ,123, Plasmid_7 ,7796,8009, reverse ,213,,,,,, Plasmid_9 ,7846,7891, reverse ,45, Plasmid_10 ,9799,9916, reverse ,117
 Plasmid_1 ,7914,8028, reverse ,114, Plasmid_2 ,8129,8225, reverse ,96, Plasmid_3 ,8148,8190, reverse ,42, Plasmid_4 ,7988,8081, reverse ,93, Plasmid_5 ,9813,9855, reverse ,42, Plasmid_6 ,7879,8038, reverse ,159, Plasmid_7 ,7876,8023, reverse ,147,,,,,, Plasmid_9 ,8086,8215, reverse ,129,,,,,
 Plasmid_1 ,7983,8028, reverse ,45, Plasmid_2 ,8229,8343, reverse ,114, Plasmid_3 ,8206,8254, reverse ,48, Plasmid_4 ,7999,8230, reverse ,231, Plasmid_5 ,9884,9956, reverse ,72, Plasmid_6 ,7896,7944, reverse ,48, Plasmid_7 ,7883,8009, reverse ,126,,,,,, Plasmid_9 ,8278,8407, reverse ,129,,,,,
 Plasmid_1 ,8054,8102, reverse ,48, Plasmid_2 ,8271,8343, reverse ,72, Plasmid_3 ,8269,8392, reverse ,123, Plasmid_4 ,8055,8109, reverse ,54,,,,,, Plasmid_6 ,7943,7982, reverse ,39, Plasmid_7 ,8041,8137, reverse ,96,,,,,, Plasmid_9 ,8290,8407, reverse ,117,,,,,
 Plasmid_1 ,8057,8102, reverse ,45, Plasmid_2 ,8619,8661, reverse ,42, Plasmid_3 ,8467,8509, reverse ,42, Plasmid_4 ,8059,8230, reverse ,171,,,,,, Plasmid_6 ,7988,8120, reverse ,132, Plasmid_7 ,8056,8137, reverse ,81,,,,,, Plasmid_9 ,8344,8407, reverse ,63,,,,,
 Plasmid_1 ,8188,8512, reverse ,324, Plasmid_2 ,8703,8784, reverse ,81, Plasmid_3 ,8490,8550, reverse ,60, Plasmid_4 ,8272,8314, reverse ,42,,,,,, Plasmid_6 ,8064,8133, reverse ,69, Plasmid_7 ,8184,8271, reverse ,87,,,,,, Plasmid_9 ,8443,8497, reverse ,54,,,,,
 Plasmid_1 ,8245,8512, reverse ,267, Plasmid_2 ,8739,8784, reverse ,45, Plasmid_3 ,8512,8599, reverse ,87, Plasmid_4 ,8475,8553, reverse ,78,,,,,, Plasmid_6 ,8134,8173, reverse ,39, Plasmid_7 ,8201,8279, reverse ,78,,,,,, Plasmid_9 ,8527,8623, reverse ,96,,,,,
 Plasmid_1 ,8371,8512, reverse ,141, Plasmid_2 ,8896,8977, reverse ,81, Plasmid_3 ,8555,8624, reverse ,69, Plasmid_4 ,8500,8602, reverse ,102,,,,,, Plasmid_6 ,8206,8245, reverse ,39, Plasmid_7 ,8405,8576, reverse ,171,,,,,, Plasmid_9 ,8669,8768, reverse ,99,,,,,
 Plasmid_1 ,8702,8756, reverse ,54, Plasmid_2 ,9008,9050, reverse ,42, Plasmid_3 ,8570,8624, reverse ,54, Plasmid_4 ,8568,8622, reverse ,54,,,,,, Plasmid_6 ,8316,8412, reverse ,96, Plasmid_7 ,8498,8576, reverse ,78,,,,,, Plasmid_9 ,8791,8842, reverse ,51,,,,,
 Plasmid_1 ,8918,9107, reverse ,189, Plasmid_2 ,9060,9153, reverse ,93, Plasmid_3 ,8773,8917, reverse ,144, Plasmid_4 ,8591,8630, reverse ,39,,,,,, Plasmid_6 ,8367,8412, reverse ,45, Plasmid_7 ,8722,8944, reverse ,222,,,,,, Plasmid_9 ,8842,9106, reverse ,264,,,,,
 Plasmid_1 ,9056,9107, reverse ,51, Plasmid_2 ,9104,9197, reverse ,93, Plasmid_3 ,8800,8917, reverse ,117, Plasmid_4 ,8697,8739, reverse ,42,,,,,, Plasmid_6 ,8475,8520, reverse ,45, Plasmid_7 ,8757,8922, reverse ,165,,,,,, Plasmid_9 ,8851,9106, reverse ,255,,,,,
 Plasmid_1 ,9136,9178, reverse ,42, Plasmid_2 ,9363,9402, reverse ,39, Plasmid_3 ,8900,8948, reverse ,48, Plasmid_4 ,8703,8739, reverse ,36,,,,,, Plasmid_6 ,8478,8520, reverse ,42, Plasmid_7 ,8805,8922, reverse ,117,,,,,, Plasmid_9 ,8996,9050, reverse ,54,,,,,
 Plasmid_1 ,9275,9317, reverse ,42, Plasmid_2 ,9426,9477, reverse ,51, Plasmid_3 ,8991,9042, reverse ,51, Plasmid_4 ,8891,8948, reverse ,57,,,,,, Plasmid_6 ,8503,8677, reverse ,174, Plasmid_7 ,8909,8969, reverse ,60,,,,,, Plasmid_9 ,9269,9314, reverse ,45,,,,,
 Plasmid_1 ,9297,9462, reverse ,165, Plasmid_2 ,9689,9734, reverse ,45, Plasmid_3 ,9001,9049, reverse ,48, Plasmid_4 ,9202,9283, reverse ,81,,,,,, Plasmid_6 ,8545,8677, reverse ,132, Plasmid_7 ,8991,9090, reverse ,99,,,,,, Plasmid_9 ,9325,9478, reverse ,153,,,,,
 Plasmid_1 ,9359,9638, reverse ,279, Plasmid_2 ,9723,9864, reverse ,141, Plasmid_3 ,9007,9049, reverse ,42, Plasmid_4 ,9396,9573, reverse ,177,,,,,, Plasmid_6 ,8697,8820, reverse ,123, Plasmid_7 ,9000,9090, reverse ,90,,,,,, Plasmid_9 ,9328,9478, reverse ,150,,,,,
 Plasmid_1 ,9513,9549, reverse ,36, Plasmid_2 ,9786,9864, reverse ,78, Plasmid_3 ,9071,9122, reverse ,51, Plasmid_4 ,9415,9499, reverse ,84,,,,,, Plasmid_6 ,8816,8870, reverse ,54, Plasmid_7 ,9068,9179, reverse ,111,,,,,, Plasmid_9 ,9364,9478, reverse ,114,,,,,
 Plasmid_1 ,9545,9638, reverse ,93,,,,,, Plasmid_3 ,9165,9204, reverse ,39, Plasmid_4 ,9886,9937, reverse ,51,,,,,, Plasmid_6 ,8819,8870, reverse ,51, Plasmid_7 ,9391,9442, reverse ,51,,,,,, Plasmid_9 ,9391,9478, reverse ,87,,,,,
 Plasmid_1 ,9610,9670, reverse ,60,,,,,, Plasmid_3 ,9545,9617, reverse ,72,,,,,,,,,,, Plasmid_6 ,8896,8968, reverse ,72, Plasmid_7 ,9500,9566, reverse ,66,,,,,, Plasmid_9 ,9616,9757, reverse ,141,,,,,
 Plasmid_1 ,9709,10003, reverse ,294,,,,,, Plasmid_3 ,9643,9718, reverse ,75,,,,,,,,,,, Plasmid_6 ,9187,9262, reverse ,75, Plasmid_7 ,9562,9775, reverse ,213,,,,,, Plasmid_9 ,9651,9696, reverse ,45,,,,,
 Plasmid_1 ,9762,9939, reverse ,177,,,,,, Plasmid_3 ,9654,9723, reverse ,69,,,,,,,,,,, Plasmid_6 ,9224,9272, reverse ,48, Plasmid_7 ,9643,9775, reverse ,132,,,,,, Plasmid_9 ,9835,9994, reverse ,159,,,,,
 Plasmid_1 ,9799,10003, reverse ,204,,,,,, Plasmid_3 ,9926,9965, reverse ,39,,,,,,,,,,, Plasmid_6 ,9720,9813, reverse ,93, Plasmid_7 ,9728,9818, reverse ,90,,,,,, Plasmid_9 ,9937,9994, reverse ,57,,,,,
 Plasmid_1 ,9813,9939, reverse ,126,,,,,,,,,,,,,,,,,,,,, Plasmid_6 ,9764,9890, reverse ,126, Plasmid_7 ,9765,9807, reverse ,42,,,,,,,,,,,,,,,
 Plasmid_1 ,9832,10003, reverse ,171,,,,,,,,,,,,,,,,,,,,, Plasmid_6 ,9809,9890, reverse ,81,,,,,,,,,,,,,,,,,,,,
 Plasmid_1 ,9850,10003, reverse ,153,,,,,,,,,,,,,,,,,,,,, Plasmid_6 ,9830,9890, reverse ,60,,,,,,,,,,,,,,,,,,,,
,,,,,,,,,,,,,,,,,,,,,,,,,,,,,,,,,,,,,,,,,,,,,,,,,
,,,,,,,,,,,,,,,,,,,,,,,,,,,,,,,,,,,,,,,,,,,,,,,,,
,,,,,,,,,,,,,,,,,,,,,,,,,,,,,,,,,,,,,,,,,,,,,,,,,
,,,,,,,,,Interval,Plasmid_1,Cumulative,Plasmid_2,Cumulative,Plasmid_3,Cumulative,Plasmid_4,Cumulative,Plasmid_5,Cumulative,Plasmid_6,Cumulative,Plasmid_7,Cumulative,Plasmid_8,Cumulative,Plasmid_9,Cumulative,Plasmid_10,Cumulative,,,,,,,,,,,,,,,,,,,,
,,,,,,,,,<45,26,26,29,29,34,34,30,30,19,19,26,26,30,30,23,23,22,22,26,26,,,,,,,,,,,,,,,,,,,,
,,,,,,,,,46-60,35,61,42,71,33,67,37,67,42,61,35,61,31,61,32,55,45,67,37,63,,,,,,,,,,,,,,,,,,,,
,,,,,,,,,61-75,36,97,23,94,29,96,27,94,21,82,29,90,25,86,23,78,26,93,29,92,,,,,,,,,,,,,,,,,,,,
,,,,,,,,,76-90,15,112,25,119,22,118,27,121,16,98,28,118,28,114,15,93,27,120,19,111,,,,,,,,,,,,,,,,,,,,
,,,,,,,,,91-105,18,130,23,142,14,132,16,137,22,120,17,135,20,134,17,110,18,138,14,125,,,,,,,,,,,,,,,,,,,,
,,,,,,,,,106-120,10,140,12,154,10,142,8,145,14,134,14,149,17,151,11,121,8,146,17,142,,,,,,,,,,,,,,,,,,,,
,,,,,,,,,121-135,15,155,11,165,12,154,16,161,17,151,12,161,14,165,6,127,10,156,10,152,,,,,,,,,,,,,,,,,,,,
,,,,,,,,,136-150,14,169,7,172,9,163,9,170,6,157,6,167,7,172,15,142,7,163,6,158,,,,,,,,,,,,,,,,,,,,
,,,,,,,,,151-165,5,174,4,176,7,170,9,179,5,162,13,180,9,181,3,145,8,171,6,164,,,,,,,,,,,,,,,,,,,,
,,,,,,,,,166-180,6,180,5,181,5,175,6,185,3,165,7,187,6,187,8,153,3,174,6,170,,,,,,,,,,,,,,,,,,,,
,,,,,,,,,181-195,3,183,3,184,3,178,4,189,7,172,1,188,3,190,4,157,4,178,4,174,,,,,,,,,,,,,,,,,,,,
,,,,,,,,,196-210,5,188,3,187,4,182,3,192,3,175,6,194,5,195,3,160,4,182,4,178,,,,,,,,,,,,,,,,,,,,
,,,,,,,,,211-225,3,191,1,188,7,189,1,193,2,177,4,198,5,200,5,165,4,186,1,179,,,,,,,,,,,,,,,,,,,,
,,,,,,,,,226-240,1,192,3,191,0,189,2,195,2,179,3,201,0,200,1,166,2,188,1,180,,,,,,,,,,,,,,,,,,,,
,,,,,,,,,241-255,2,194,2,193,5,194,0,195,3,182,1,202,0,200,1,167,1,189,0,180,,,,,,,,,,,,,,,,,,,,
,,,,,,,,,256-270,2,196,0,193,3,197,2,197,0,182,1,203,0,200,0,167,3,192,1,181,,,,,,,,,,,,,,,,,,,,
,,,,,,,,,286-300,6,202,0,193,2,199,2,199,2,184,0,203,0,200,0,167,3,195,1,182,,,,,,,,,,,,,,,,,,,,
,,,,,,,,,301-315,2,204,0,193,0,199,0,199,0,184,2,205,2,202,0,167,1,196,1,183,,,,,,,,,,,,,,,,,,,,
,,,,,,,,,316-330,1,205,1,194,2,201,0,199,0,184,0,205,0,202,1,168,1,197,0,183,,,,,,,,,,,,,,,,,,,,
,,,,,,,,,331-345,0,205,1,195,0,201,0,199,0,184,0,205,0,202,1,169,0,197,0,183,,,,,,,,,,,,,,,,,,,,
,,,,,,,,,346-360,0,205,0,195,0,201,0,199,0,184,1,206,1,203,1,170,0,197,0,183,,,,,,,,,,,,,,,,,,,,
,,,,,,,,,361-375,0,205,0,195,0,201,0,199,1,185,0,206,0,203,0,170,1,198,0,183,,,,,,,,,,,,,,,,,,,,
,,,,,,,,,376-390,0,205,0,195,1,202,0,199,0,185,0,206,0,203,0,170,2,200,0,183,,,,,,,,,,,,,,,,,,,,
,,,,,,,,,391-405,1,206,0,195,0,202,0,199,0,185,0,206,0,203,0,170,0,200,0,183,,,,,,,,,,,,,,,,,,,,
,,,,,,,,,406-420,0,206,0,195,0,202,0,199,0,185,0,206,0,203,0,170,0,200,0,183,,,,,,,,,,,,,,,,,,,,
,,,,,,,,,421-435,0,206,0,195,0,202,0,199,0,185,0,206,1,204,0,170,1,201,0,183,,,,,,,,,,,,,,,,,,,,
,,,,,,,,,436-450,0,206,0,195,0,202,0,199,0,185,0,206,0,204,1,171,0,201,0,183,,,,,,,,,,,,,,,,,,,,
,,,,,,,,,451-465,0,206,0,195,1,203,0,199,0,185,0,206,0,204,1,172,0,201,0,183,,,,,,,,,,,,,,,,,,,,
,,,,,,,,,466-480,0,206,0,195,0,203,0,199,0,185,0,206,0,204,0,172,2,203,0,183,,,,,,,,,,,,,,,,,,,,
,,,,,,,,,481-495,0,206,1,196,0,203,0,199,0,185,0,206,0,204,0,172,0,203,0,183,,,,,,,,,,,,,,,,,,,,
,,,,,,,,,496-510,0,206,2,198,0,203,0,199,0,185,0,206,0,204,0,172,0,203,0,183,,,,,,,,,,,,,,,,,,,,
