lcl|CP045858.1_cds_1111
lcl|CP045858.1_cds_QII98551.1_1
lcl|CP045858.1_cds_QII98577.1_27
lcl|CP045858.1_cds_QII98587.1_37
lcl|CP045858.1_cds_QII98601.1_52
lcl|CP045858.1_cds_QII98612.1_63
lcl|CP045858.1_cds_QII98616.1_68
lcl|CP045858.1_cds_QII98618.1_70
lcl|CP045858.1_cds_QII98639.1_93
lcl|CP045858.1_cds_QII98640.1_94
lcl|CP045858.1_cds_QII98675.1_132
lcl|CP045858.1_cds_QII98677.1_134
lcl|CP045858.1_cds_QII98681.1_138
lcl|CP045858.1_cds_QII98685.1_142
lcl|CP045858.1_cds_QII98688.1_145
lcl|CP045858.1_cds_QII98705.1_162
lcl|CP045858.1_cds_QII98715.1_174
lcl|CP045858.1_cds_QII98716.1_175
lcl|CP045858.1_cds_QII98717.1_176
lcl|CP045858.1_cds_QII98718.1_177
lcl|CP045858.1_cds_QII98719.1_178
lcl|CP045858.1_cds_QII98772.1_231
lcl|CP045858.1_cds_QII98779.1_238
lcl|CP045858.1_cds_QII98780.1_239
lcl|CP045858.1_cds_QII98816.1_278
lcl|CP045858.1_cds_QII98827.1_289
lcl|CP045858.1_cds_QII98922.1_394
lcl|CP045858.1_cds_QII98941.1_414
lcl|CP045858.1_cds_QII99016.1_494
lcl|CP045858.1_cds_QII99025.1_503
lcl|CP045858.1_cds_QII99026.1_504
lcl|CP045858.1_cds_QII99030.1_508
lcl|CP045858.1_cds_QII99031.1_509
lcl|CP045858.1_cds_QII99034.1_512
lcl|CP045858.1_cds_QII99048.1_527
lcl|CP045858.1_cds_QII99049.1_528
lcl|CP045858.1_cds_QII99050.1_529
lcl|CP045858.1_cds_QII99054.1_533
lcl|CP045858.1_cds_QII99161.1_656
lcl|CP045858.1_cds_QII99172.1_667
lcl|CP045858.1_cds_QII99205.1_704
lcl|CP045858.1_cds_QII99209.1_708
lcl|CP045858.1_cds_QII99210.1_709
lcl|CP045858.1_cds_QII99219.1_718
lcl|CP045858.1_cds_QII99231.1_732
lcl|CP045858.1_cds_QII99254.1_755
lcl|CP045858.1_cds_QII99255.1_756
lcl|CP045858.1_cds_QII99267.1_768
lcl|CP045858.1_cds_QII99269.1_771
lcl|CP045858.1_cds_QII99307.1_812
lcl|CP045858.1_cds_QII99309.1_814
lcl|CP045858.1_cds_QII99320.1_826
lcl|CP045858.1_cds_QII99324.1_830
lcl|CP045858.1_cds_QII99353.1_859
lcl|CP045858.1_cds_QII99376.1_883
lcl|CP045858.1_cds_QII99382.1_889
lcl|CP045858.1_cds_QII99391.1_898
lcl|CP045858.1_cds_QII99415.1_924
lcl|CP045858.1_cds_QII99419.1_928
lcl|CP045858.1_cds_QII99422.1_931
lcl|CP045858.1_cds_QII99423.1_932
lcl|CP045858.1_cds_QII99424.1_933
lcl|CP045858.1_cds_QII99440.1_949
lcl|CP045858.1_cds_QII99441.1_950
lcl|CP045858.1_cds_QII99445.1_954
lcl|CP045858.1_cds_QII99457.1_966
lcl|CP045858.1_cds_QII99464.1_973
lcl|CP045858.1_cds_QII99489.1_1001
lcl|CP045858.1_cds_QII99497.1_1009
lcl|CP045858.1_cds_QII99503.1_1015
lcl|CP045858.1_cds_QII99505.1_1017
lcl|CP045858.1_cds_QII99507.1_1019
lcl|CP045858.1_cds_QII99509.1_1021
lcl|CP045858.1_cds_QII99510.1_1022
lcl|CP045858.1_cds_QII99513.1_1025
lcl|CP045858.1_cds_QII99520.1_1032
lcl|CP045858.1_cds_QII99530.1_1043
lcl|CP045858.1_cds_QII99536.1_1050
lcl|CP045858.1_cds_QII99542.1_1056
lcl|CP045858.1_cds_QII99545.1_1059
lcl|CP045858.1_cds_QII99570.1_1085
lcl|CP045858.1_cds_QII99581.1_1097
lcl|CP045858.1_cds_QII99584.1_1101
lcl|CP045858.1_cds_QII99586.1_1103
lcl|CP045858.1_cds_QII99590.1_1107
lcl|CP045858.1_cds_QII99602.1_1122
lcl|CP045858.1_cds_QII99613.1_1134
lcl|CP045858.1_cds_QII99621.1_1142
lcl|CP045858.1_cds_QII99623.1_1144
lcl|CP045858.1_cds_QII99639.1_1162
lcl|CP045858.1_cds_QII99646.1_1169
lcl|CP045858.1_cds_QII99647.1_1170
lcl|CP045858.1_cds_QII99650.1_1173
lcl|CP045858.1_cds_QII99651.1_1174
lcl|CP045858.1_cds_QII99653.1_1176
lcl|CP045858.1_cds_QII99659.1_1182
lcl|CP045858.1_cds_QII99673.1_1196
lcl|CP045858.1_cds_QII99680.1_1204
lcl|CP045858.1_cds_QII99706.1_1230
lcl|CP045858.1_cds_QII99798.1_1327
lcl|CP045858.1_cds_QII99814.1_1344
lcl|CP045858.1_cds_QII99815.1_1345
lcl|CP045858.1_cds_QII99818.1_1348
lcl|CP045858.1_cds_QII99841.1_1376
lcl|CP045858.1_cds_QII99857.1_1392
lcl|CP045858.1_cds_QII99860.1_1395
lcl|CP045858.1_cds_QII99864.1_1399
lcl|CP045858.1_cds_QII99874.1_1409
lcl|CP045858.1_cds_QII99887.1_1422
lcl|CP045858.1_cds_QII99893.1_1428
lcl|CP045858.1_cds_QII99894.1_1429
lcl|CP045858.1_cds_QII99926.1_1461
lcl|CP045858.1_cds_QII99932.1_1467
lcl|CP045858.1_cds_QII99961.1_1496
lcl|CP045858.1_cds_QII99988.1_1523
lcl|CP045858.1_cds_QIJ00006.1_1541
lcl|CP045858.1_cds_QIJ00009.1_1544
lcl|CP045858.1_cds_QIJ00013.1_1548
lcl|CP045858.1_cds_QIJ00019.1_1554
lcl|CP045858.1_cds_QIJ00020.1_1555
lcl|CP045858.1_cds_QIJ00029.1_1565
lcl|CP045858.1_cds_QIJ00037.1_1573
lcl|CP045858.1_cds_QIJ00041.1_1577
lcl|CP045858.1_cds_QIJ00063.1_1600
lcl|CP045858.1_cds_QIJ00067.1_1604
lcl|CP045858.1_cds_QIJ00074.1_1613
lcl|CP045858.1_cds_QIJ00175.1_1734
lcl|CP045858.1_cds_QIJ00182.1_1741
lcl|CP045858.1_cds_QIJ00183.1_1742
lcl|CP045858.1_cds_QIJ00204.1_1764
lcl|CP045858.1_cds_QIJ00209.1_1769
lcl|CP045858.1_cds_QIJ00213.1_1774
lcl|CP045858.1_cds_QIJ00280.1_1849
lcl|CP045858.1_cds_QIJ00292.1_1861
lcl|CP045858.1_cds_QIJ00310.1_1881
lcl|CP045858.1_cds_QIJ00319.1_1890
lcl|CP045858.1_cds_QIJ00324.1_1895
lcl|CP045858.1_cds_QIJ00325.1_1896
lcl|CP045858.1_cds_QIJ00350.1_1923
lcl|CP045858.1_cds_QIJ00355.1_1928
lcl|CP045858.1_cds_QIJ00363.1_1938
lcl|CP045858.1_cds_QIJ00372.1_1947
lcl|CP045858.1_cds_QIJ00427.1_2010
lcl|CP045858.1_cds_QIJ00432.1_2016
lcl|CP045858.1_cds_QIJ00459.1_2043
lcl|CP045858.1_cds_QIJ00460.1_2044
lcl|CP045858.1_cds_QIJ00461.1_2045
lcl|CP045858.1_cds_QIJ00469.1_2053
lcl|CP045858.1_cds_QIJ00476.1_2061
lcl|CP045858.1_cds_QIJ00479.1_2064
lcl|CP045858.1_cds_QIJ00480.1_2065
lcl|CP045858.1_cds_QIJ00481.1_2066
lcl|CP045858.1_cds_QIJ00516.1_2105
lcl|CP045858.1_cds_QIJ00538.1_2127
lcl|CP045858.1_cds_QIJ00539.1_2128
lcl|CP045858.1_cds_QIJ00540.1_2129
lcl|CP045858.1_cds_QIJ00554.1_2144
lcl|CP045858.1_cds_QIJ00563.1_2153
lcl|CP045858.1_cds_QIJ00566.1_2156
lcl|CP045858.1_cds_QIJ00576.1_2167
lcl|CP045858.1_cds_QIJ00605.1_2196
lcl|CP045858.1_cds_QIJ00632.1_2224
lcl|CP045858.1_cds_QIJ00633.1_2226
lcl|CP045858.1_cds_QIJ00647.1_2240
lcl|CP045858.1_cds_QIJ00650.1_2243
lcl|CP045858.1_cds_QIJ00667.1_2260
lcl|CP045858.1_cds_QIJ00668.1_2261
lcl|CP045858.1_cds_QIJ00710.1_2303
lcl|CP045858.1_cds_QIJ00711.1_2304
lcl|CP045858.1_cds_QIJ00719.1_2313
lcl|CP045858.1_cds_QIJ00738.1_2335
lcl|CP045858.1_cds_QIJ00743.1_2340
lcl|CP045858.1_cds_QIJ00748.1_2345
lcl|CP045858.1_cds_QIJ00750.1_2347
lcl|CP045858.1_cds_QIJ00752.1_2349
lcl|CP045858.1_cds_QIJ00753.1_2350
lcl|CP045858.1_cds_QIJ00757.1_2354
lcl|CP045858.1_cds_QIJ00758.1_2355
lcl|CP045858.1_cds_QIJ00759.1_2356
lcl|CP045858.1_cds_QIJ00761.1_2358
lcl|CP045858.1_cds_QIJ00779.1_2376
lcl|CP045858.1_cds_QIJ00799.1_2399
lcl|CP045858.1_cds_QIJ00929.1_2567
lcl|CP045858.1_cds_QIJ00930.1_2568
lcl|CP045858.1_cds_QIJ00936.1_2574
lcl|CP045858.1_cds_QIJ00939.1_2577
lcl|CP045858.1_cds_QIJ00941.1_2579
lcl|CP045858.1_cds_QIJ00981.1_2621
lcl|CP045858.1_cds_QIJ01005.1_2649
lcl|CP045858.1_cds_QIJ01018.1_2662
lcl|CP045858.1_cds_QIJ01022.1_2666
lcl|CP045858.1_cds_QIJ01043.1_2687
lcl|CP045858.1_cds_QIJ01109.1_2761
lcl|CP045858.1_cds_QIJ01110.1_2762
lcl|CP045858.1_cds_QIJ01114.1_2766
lcl|CP045858.1_cds_QIJ01166.1_2824
lcl|CP045858.1_cds_QIJ01179.1_2839
lcl|CP045858.1_cds_QIJ01182.1_2842
lcl|CP045858.1_cds_QIJ01194.1_2854
lcl|CP045858.1_cds_QIJ01222.1_2884
lcl|CP045858.1_cds_QIJ01229.1_2892
lcl|CP045858.1_cds_QIJ01286.1_2957
lcl|CP045858.1_cds_QIJ01293.1_2966
lcl|CP045858.1_cds_QIJ01294.1_2967
lcl|CP045858.1_cds_QIJ01306.1_2983
lcl|CP045858.1_cds_QIJ01307.1_2984
lcl|CP045858.1_cds_QIJ01322.1_3004
lcl|CP045858.1_cds_QIJ01333.1_3017
lcl|CP045858.1_cds_QIJ01336.1_3020
lcl|CP045858.1_cds_QIJ01338.1_3022
lcl|CP045858.1_cds_QIJ01340.1_3025
lcl|CP045858.1_cds_QIJ01383.1_3070
lcl|CP045858.1_cds_QIJ01395.1_3082
lcl|CP045858.1_cds_QIJ01398.1_3085
lcl|CP045858.1_cds_QIJ01407.1_3094
lcl|CP045858.1_cds_QIJ01409.1_3096
lcl|CP045858.1_cds_QIJ01422.1_3110
lcl|CP045858.1_cds_QIJ01425.1_3113
lcl|CP045858.1_cds_QIJ01429.1_3117
lcl|CP045858.1_cds_QIJ01459.1_3147
lcl|CP045858.1_cds_QIJ01468.1_3157
lcl|CP045858.1_cds_QIJ01473.1_3163
lcl|CP045858.1_cds_QIJ01484.1_3175
lcl|CP045858.1_cds_QIJ01485.1_3176
lcl|CP045858.1_cds_QIJ01521.1_3214
lcl|CP045858.1_cds_QIJ01529.1_3222
lcl|CP045858.1_cds_QIJ01587.1_3284
lcl|CP045858.1_cds_QIJ01595.1_3293
lcl|CP045858.1_cds_QIJ01596.1_3294
lcl|CP045858.1_cds_QIJ01607.1_3306
lcl|CP045858.1_cds_QIJ01609.1_3308
lcl|CP045858.1_cds_QIJ01618.1_3318
lcl|CP045858.1_cds_QIJ01620.1_3320
lcl|CP045858.1_cds_QIJ01625.1_3326
lcl|CP045858.1_cds_QIJ01632.1_3334
lcl|CP045858.1_cds_QIJ01645.1_3349
lcl|CP045858.1_cds_QIJ01665.1_3370
lcl|CP045858.1_cds_QIJ01666.1_3371
lcl|CP045858.1_cds_QIJ01690.1_3396
lcl|CP045858.1_cds_QIJ01711.1_3417
lcl|CP045858.1_cds_QIJ01713.1_3420
lcl|CP045858.1_cds_QIJ01744.1_3452
lcl|CP045858.1_cds_QIJ01753.1_3461
lcl|CP045858.1_cds_QIJ01754.1_3462
lcl|CP045858.1_cds_QIJ01757.1_3465
lcl|CP045858.1_cds_QIJ01768.1_3476
lcl|CP045858.1_cds_QIJ01769.1_3477
lcl|CP045858.1_cds_QIJ01796.1_3508
lcl|CP045858.1_cds_QIJ01825.1_3549
lcl|CP045858.1_cds_QIJ01829.1_3553
lcl|CP045858.1_cds_QIJ01853.1_3579
lcl|CP045858.1_cds_QIJ01856.1_3582
lcl|CP045858.1_cds_QIJ01919.1_3650
lcl|CP045858.1_cds_QIJ01926.1_3657
lcl|CP045858.1_cds_QIJ01930.1_3661
lcl|CP045858.1_cds_QIJ01943.1_3674
lcl|CP045858.1_cds_QIJ01945.1_3676
lcl|CP045858.1_cds_QIJ01946.1_3677
lcl|CP045858.1_cds_QIJ01962.1_3693
lcl|CP045858.1_cds_QIJ01971.1_3702
lcl|CP045858.1_cds_QIJ01987.1_3719
lcl|CP045858.1_cds_QIJ01991.1_3723
lcl|CP045858.1_cds_QIJ02001.1_3733
lcl|CP045858.1_cds_QIJ02014.1_3746
lcl|CP045858.1_cds_QIJ02046.1_3781
lcl|CP045858.1_cds_QIJ02065.1_3802
lcl|CP045858.1_cds_QIJ02071.1_3809
lcl|CP045858.1_cds_QIJ02110.1_3856
lcl|CP045858.1_cds_QIJ02115.1_3861
lcl|CP045858.1_cds_QIJ02128.1_3874
lcl|CP045858.1_cds_QIJ02129.1_3875
lcl|CP045858.1_cds_QIJ02142.1_3888
lcl|CP045858.1_cds_QIJ02146.1_3892
lcl|CP045858.1_cds_QIJ02157.1_3904
lcl|CP045858.1_cds_QIJ02158.1_3905
lcl|CP045858.1_cds_QIJ02161.1_3908
lcl|CP045858.1_cds_QIJ02194.1_3942
lcl|CP045858.1_cds_QIJ02195.1_3943
lcl|CP045858.1_cds_QIJ02211.1_3959
lcl|CP045858.1_cds_QIJ02224.1_3973
lcl|CP045858.1_cds_QIJ02239.1_3989
lcl|CP045858.1_cds_QIJ02247.1_4000
lcl|CP045858.1_cds_QIJ02248.1_4001
lcl|CP045858.1_cds_QIJ02267.1_4020
lcl|CP045858.1_cds_QIJ02277.1_4030
lcl|CP045858.1_cds_QIJ02335.1_4090
lcl|CP045858.1_cds_QIJ02336.1_4091
lcl|CP045858.1_cds_QIJ02343.1_4098
lcl|CP045858.1_cds_QIJ02353.1_4108
lcl|CP045858.1_cds_QIJ02355.1_4111
lcl|CP045858.1_cds_QIJ02364.1_4120
lcl|CP045858.1_cds_QIJ02367.1_4123
lcl|CP045858.1_cds_QIJ02379.1_4135
lcl|CP045858.1_cds_QIJ02380.1_4136
lcl|CP045858.1_cds_QIJ02382.1_4138
lcl|CP045858.1_cds_QIJ02399.1_4157
lcl|CP045858.1_cds_QIJ02413.1_4172
lcl|CP045858.1_cds_QIJ02426.1_4186
lcl|CP045858.1_cds_QIJ02427.1_4187
lcl|CP045858.1_cds_QIJ02436.1_4196
lcl|CP045858.1_cds_QIJ02445.1_4205
lcl|CP045858.1_cds_QIJ02457.1_4219
lcl|CP045858.1_cds_QIJ02460.1_4222
lcl|CP045858.1_cds_QIJ02461.1_4223
lcl|CP045858.1_cds_QIJ02466.1_4228
lcl|CP045858.1_cds_QIJ02484.1_4248
lcl|CP045858.1_cds_QIJ02503.1_4269
lcl|CP045858.1_cds_QIJ02510.1_84
lcl|CP045858.1_cds_QIJ02582.1_1809
lcl|CP045858.1_cds_QIJ02659.1_3010
lcl|CP045858.1_cds_QIJ02669.1_3268
lcl|CP045858.1_cds_QIJ02672.1_3311
lcl|CP045858.1_cds_QIJ02699.1_3899
lcl|CP045858.1_cds_QIJ02715.1_4274
lcl|CP045858.1_cds_QIJ02346.1_4101
lcl|CP045858.1_cds_QIJ00179.1_1738
lcl|CP045858.1_cds_QIJ01828.1_3552
lcl|CP045858.1_cds_QIJ00202.1_1762
lcl|CP045858.1_cds_QIJ00756.1_2353
lcl|CP045858.1_cds_QII98783.1_242
lcl|CP045858.1_cds_QII99158.1_653
lcl|CP045858.1_cds_QIJ02385.1_4142
lcl|CP045858.1_cds_QIJ01965.1_3696
lcl|CP045858.1_cds_QIJ02422.1_4182
lcl|CP045858.1_cds_QIJ00354.1_1927
lcl|CP045858.1_cds_QII99665.1_1188
lcl|CP045858.1_cds_QIJ01929.1_3660
lcl|CP045858.1_cds_QIJ00983.1_2623
lcl|CP045858.1_cds_QII98758.1_217
lcl|CP045858.1_cds_QII99770.1_1296
lcl|CP045858.1_cds_QIJ01944.1_3675
lcl|CP045858.1_cds_QIJ01423.1_3111
lcl|CP045858.1_cds_QII99718.1_1243
lcl|CP045858.1_cds_QII99305.1_810
lcl|CP045858.1_cds_QIJ01426.1_3114
lcl|CP045858.1_cds_QII99620.1_1141
lcl|CP045858.1_cds_QII99649.1_1172
lcl|CP045858.1_cds_QIJ02113.1_3859
lcl|CP045858.1_cds_QIJ01920.1_3651
lcl|CP045858.1_cds_QIJ01480.1_3170
lcl|CP045858.1_cds_QII99644.1_1167
lcl|CP045858.1_cds_QIJ00504.1_2093
lcl|CP045858.1_cds_QIJ02398.1_4156
lcl|CP045858.1_cds_QII99658.1_1181
lcl|CP045858.1_cds_QIJ02000.1_3732
lcl|CP045858.1_cds_QIJ01375.1_3062
lcl|CP045858.1_cds_QIJ02359.1_4115
lcl|CP045858.1_cds_QII99707.1_1231
lcl|CP045858.1_cds_QIJ02072.1_3810
lcl|CP045858.1_cds_QIJ01935.1_3666
lcl|CP045858.1_cds_QII99660.1_1183
lcl|CP045858.1_cds_QII99679.1_1202
lcl|CP045858.1_cds_QII98804.1_264
lcl|CP045858.1_cds_QIJ00800.1_2400
lcl|CP045858.1_cds_QIJ01184.1_2844
lcl|CP045858.1_cds_QIJ02504.1_4270
lcl|CP045858.1_cds_QIJ00760.1_2357
lcl|CP045858.1_cds_QIJ00007.1_1542
lcl|CP045858.1_cds_QIJ01581.1_3278
lcl|CP045858.1_cds_QII99663.1_1186
lcl|CP045858.1_cds_QII99118.1_611
lcl|CP045858.1_cds_QII99664.1_1187
lcl|CP045858.1_cds_QII99675.1_1198
lcl|CP045858.1_cds_QIJ01514.1_3207
lcl|CP045858.1_cds_QIJ02384.1_4141
lcl|CP045858.1_cds_QII99243.1_744
lcl|CP045858.1_cds_QIJ02108.1_3854
lcl|CP045858.1_cds_QII99908.1_1443
lcl|CP045858.1_cds_QIJ01295.1_2968
lcl|CP045858.1_cds_QIJ01979.1_3711
lcl|CP045858.1_cds_QII99662.1_1185
lcl|CP045858.1_cds_QIJ02143.1_3889
lcl|CP045858.1_cds_QIJ01053.1_2699
lcl|CP045858.1_cds_QII98830.1_292
lcl|CP045858.1_cds_QIJ00426.1_2009
lcl|CP045858.1_cds_QII98585.1_35
lcl|CP045858.1_cds_QII99661.1_1184
lcl|CP045858.1_cds_QIJ02109.1_3855
lcl|CP045858.1_cds_QIJ01349.1_3034
lcl|CP045858.1_cds_QIJ01014.1_2658
lcl|CP045858.1_cds_QIJ02148.1_3894
lcl|CP045858.1_cds_QIJ01487.1_3178
lcl|CP045858.1_cds_QIJ02369.1_4125
lcl|CP045858.1_cds_QIJ02227.1_3976
lcl|CP045858.1_cds_QIJ01428.1_3116
lcl|CP045858.1_cds_QIJ02012.1_3744
lcl|CP045858.1_cds_QIJ00801.1_2401
lcl|CP045858.1_cds_QII99274.1_776
lcl|CP045858.1_cds_QII99208.1_707
lcl|CP045858.1_cds_QII99974.1_1509
lcl|CP045858.1_cds_QIJ00396.1_1975
lcl|CP045858.1_cds_QII98732.1_191
lcl|CP045858.1_cds_QIJ00916.1_2552
lcl|CP045858.1_cds_QIJ01296.1_2970
lcl|CP045858.1_cds_QIJ01969.1_3700
lcl|CP045858.1_cds_QIJ00265.1_1834
lcl|CP045858.1_cds_QII99996.1_1532
lcl|CP045858.1_cds_QII99328.1_834
lcl|CP045858.1_cds_QIJ00598.1_2189
lcl|CP045858.1_cds_QII99347.1_853
lcl|CP045858.1_cds_QIJ01055.1_2701
lcl|CP045858.1_cds_QIJ02473.1_4237
